126,s005f031y1,aryl,aryl,f,y,s005f031y1f.inp.out:,s005f031y1,1.537506148,-1.0001,2.537606148,1.894735874,-0.1812,2.075935874,1.60788272,1.5718,0.03608272,-0.183210987,-0.2645,0.081289013,-1.781901459,-2.1262,0.344298541
127,s005f037f1,aryl,aryl,f,f,s005f037f1f.inp.out:,s005f037f1,-1.850373067,-1.3744,-0.475973067,-1.960413726,-0.9992,-0.961213726,2.63492383,2.7981,-0.16317617,-0.181786562,-0.3653,0.183513438,-2.343096609,-2.8081,0.465003391
128,s005f043y1,aryl,aryl,f,y,s005f043y1f.inp.out:,s005f043y1,8.872690364,-1.9737,10.84639036,9.378290081,-1.2169,10.59519008,2.614368561,2.9843,-0.369931439,-0.334540205,-0.3936,0.059059795,-2.785428073,-3.3475,0.562071927
130,s005f050w1,aryl,aryl,f,w,s005f050w1f.inp.out:,s005f050w1,2.131904958,-3.0576,5.189504958,2.61897849,-1.8228,4.44177849,2.519419089,2.2984,0.221019089,-0.172396715,-0.432,0.259603285,-2.834095969,-3.1013,0.267204031
162,s005y166y1,aryl,aryl,y,y,s005y166y1f.inp.out:,s005y166y1,-10.3474125,-3.1268,-7.2206125,-8.544260315,-1.2752,-7.269060315,4.547455101,4.5321,0.015355101,-0.826705648,-0.5705,-0.256205648,-5.523901639,-5.8132,0.289298361
172,s006f061f1,aryl,aryl,f,f,s006f061f1f.inp.out:,s006f061f1,-3.264274829,-3.5608,0.296525171,-4.461508685,-4.1435,-0.318008685,10.75187578,10.4319,0.31997578,-1.714935098,-1.1021,-0.612835098,-7.839706767,-8.7471,0.907393233
188,s006w026y1,aryl,aryl,w,y,s006w026y1f.inp.out:,s006w026y1,1.350369082,-1.1454,2.495769082,1.559311082,-1.0669,2.626211082,2.985771881,3.4415,-0.455728119,-0.356124699,-0.3459,-0.010224699,-2.838589183,-3.1741,0.335510817
200,s007f021f1,aryl,aryl,f,f,s007f021f1f.inp.out:,s007f021f1,4.485278573,-2.8883,7.373578573,5.925492352,-1.7604,7.685892352,3.568612015,3.5814,-0.012787985,-1.35688705,-0.5443,-0.81258705,-3.651938744,-4.165,0.513061256
204,s007f035f1,aryl,aryl,f,f,s007f035f1f.inp.out:,s007f035f1,-0.623023164,-1.1406,0.517576836,-1.664221866,-1.5544,-0.109821866,3.246941334,3.365,-0.118058666,-0.055598759,-0.362,0.306401241,-2.150143873,-2.5891,0.438956127
207,s007f111f1,aryl,aryl,f,f,s007f111f1f.inp.out:,s007f111f1,-3.765286015,-0.7911,-2.974186015,-4.498421812,-1.0776,-3.420821812,2.89103739,3.2194,-0.32836261,-0.111559774,-0.3646,0.253040226,-2.046341756,-2.5683,0.521958244
241,s007y053y1,aryl,aryl,y,y,s007y053y1f.inp.out:,s007y053y1,-0.434035977,-1.936,1.501964023,-0.421282228,-1.2,0.778717772,3.111051691,3.2965,-0.185448309,-0.207918925,-0.4603,0.252381075,-2.915886515,-3.5721,0.656213485
279,s008w035f1,aryl,aryl,w,f,s008w035f1f.inp.out:,s008w035f1,-15.81463752,-3.4374,-12.37723752,-15.1914529,-2.1475,-13.0439529,3.906701172,3.9873,-0.080598828,-0.584178592,-0.6119,0.027721408,-3.945707136,-4.6652,0.719492864
280,s008w250f1,aryl,aryl,w,f,s008w250f1f.inp.out:,s008w250f1,-0.206073698,-3.3041,3.098026302,0.017003932,-2.4976,2.514603932,4.789907359,4.6447,0.145207359,-0.522514356,-0.6327,0.110185644,-4.490470571,-4.8185,0.328029429
282,s008y052y1,aryl,aryl,y,y,s008y052y1f.inp.out:,s008y052y1,-0.823473019,-1.5433,0.719826981,-0.916083987,-1.0491,0.133016013,2.698696529,3.0052,-0.306503471,-0.046857935,-0.3832,0.336342065,-2.559227563,-3.1162,0.556972437
325,s009y053y1,aryl,aryl,y,y,s009y053y1f.inp.out:,s009y053y1,-13.2819923,-2.5728,-10.7091923,-12.84183105,-1.4447,-11.39713105,3.795636935,3.8388,-0.043163065,-0.455415843,-0.5653,0.109884157,-3.780382284,-4.4016,0.621217716
327,s009y121y1,aryl,aryl,y,y,s009y121y1f.inp.out:,s009y121y1,-7.402682133,-4.0297,-3.372982133,-5.08912791,-1.4727,-3.61642791,4.123917136,4.4406,-0.316682864,-0.453320872,-0.5552,0.101879128,-5.98415055,-6.4424,0.45824945
330,s009y303w1,aryl,aryl,y,w,s009y303w1f.inp.out:,s009y303w1,-0.237953334,-2.3704,2.132446666,-0.092148814,-2.1344,2.042251186,5.332415621,5.8033,-0.470884379,-0.655689559,-0.6329,-0.022789559,-4.822530582,-5.4064,0.583869418
355,s010w032f1,aryl,aryl,w,f,s010w032f1f.inp.out:,s010w032f1,18.32027665,-2.8009,21.12117665,18.87849199,-1.8486,20.72709199,3.895005952,3.8073,0.087705952,-0.518443763,-0.4368,-0.081643763,-3.93477753,-4.3228,0.38802247
358,s010w052y1,aryl,aryl,w,y,s010w052y1f.inp.out:,s010w052y1,-5.739033802,-0.9328,-4.806233802,-5.279593487,-0.9731,-4.306493487,2.556208033,3.0837,-0.527491967,-0.734136911,-0.3738,-0.360336911,-2.281511374,-2.6696,0.388088626
359,s010w058f1,aryl,aryl,w,f,s010w058f1f.inp.out:,s010w058f1,0.89566018,-1.6501,2.54576018,0.776319594,-1.2813,2.057619594,2.642903245,2.5367,0.106203245,-0.528121758,-0.353,-0.175121758,-1.995440964,-2.5526,0.557159036
364,s010y052y1,aryl,aryl,y,y,s010y052y1f.inp.out:,s010y052y1,17.22716029,-3.0899,20.31706029,17.16940337,-2.4143,19.58370337,5.381939616,5.3975,-0.015560384,-0.706724134,-0.7344,0.027675866,-4.617458562,-5.3387,0.721241438
365,s010y163y1,aryl,aryl,y,y,s010y163y1f.inp.out:,s010y163y1,25.5168015,-0.8496,26.3664015,28.26063825,0.1616,28.09903825,2.210341077,2.4745,-0.264158923,-2.31270647,-0.3011,-2.01160647,-2.64147129,-3.1847,0.54322871
372,s011f044y1,aryl,aryl,f,y,s011f044y1f.inp.out:,s011f044y1,-2.062325311,-0.7644,-1.297925311,-1.944185823,-0.3712,-1.572985823,2.138206878,2.4008,-0.262593122,-0.187502208,-0.2822,0.094697792,-2.068844157,-2.5118,0.442955843
415,s012f026f1,aryl,aryl,f,f,s012f026f1f.inp.out:,s012f026f1,-12.19476572,-3.0102,-9.18456572,-11.66131229,-1.945,-9.71631229,3.932511564,3.9539,-0.021388436,-0.570479075,-0.5916,0.021120925,-3.895485927,-4.4274,0.531914073
416,s012f040f1,aryl,aryl,f,f,s012f040f1f.inp.out:,s012f040f1,1.767697683,-1.4057,3.173397683,1.830820794,-0.8445,2.675320794,1.665044268,1.6294,0.035644268,-0.048750161,-0.1973,0.148549839,-1.679417155,-1.9933,0.313882845
417,s012f116f1,aryl,aryl,f,f,s012f116f1f.inp.out:,s012f116f1,-7.344675342,-1.0887,-6.255975342,-8.424160392,-1.4898,-6.934360392,3.569263109,3.8179,-0.248636891,-0.079000619,-0.4243,0.345299381,-2.410777504,-2.9925,0.581722496
464,s013f060y1,aryl,aryl,f,y,s013f060y1f.inp.out:,s013f060y1,2.043380709,-2.1094,4.152780709,3.234381796,-0.8509,4.085281796,1.446663224,1.7609,-0.314236776,-0.109673446,-0.2438,0.134126554,-2.527990927,-2.7756,0.247609073
519,s014y021f1,aryl,aryl,y,f,s014y021f1f.inp.out:,s014y021f1,2.828853269,-1.3872,4.216053269,2.980433173,-0.8472,3.827633173,2.15508098,2.4121,-0.25701902,-0.254670875,-0.3303,0.075629125,-2.051990009,-2.6218,0.569809991
522,s014y082f1,aryl,aryl,y,f,s014y082f1f.inp.out:,s014y082f1,-1.811428848,-2.785,0.973571152,-1.244500858,-1.6166,0.372099142,3.537246553,3.6693,-0.132053447,-0.307244331,-0.5186,0.211355669,-3.796930149,-4.3192,0.522269851
558,s015w096y1,aryl,aryl,w,y,s015w096y1f.inp.out:,s015w096y1,-17.20560303,-4.1209,-13.08470303,-14.70845141,-2.8162,-11.89225141,4.712665058,4.9555,-0.242834942,-2.143125976,-0.6868,-1.456325976,-5.066690706,-5.5734,0.506709294
564,s016f176f1,aryl,aryl,f,f,s016f176f1f.inp.out:,s016f176f1,-12.87136634,-2.9319,-9.93946634,-13.4044163,-3.0668,-10.3376163,6.990202475,6.6767,0.313502475,-1.500776941,-0.9202,-0.580576941,-4.956375642,-5.6216,0.665224358
594,s017f025y1,aryl,aryl,f,y,s017f025y1f.inp.out:,s017f025y1,-2.504183703,-1.6806,-0.823583703,-2.155572313,-0.7944,-1.361172313,1.403927211,1.2698,0.134127211,-0.072285114,-0.1686,0.096314886,-1.680253487,-1.9874,0.307146513
596,s017f081f1,aryl,aryl,f,f,s017f081f1f.inp.out:,s017f081f1,-12.3559861,-2.4983,-9.8576861,-12.50641216,-2.1359,-10.37051216,4.335464831,4.6417,-0.306235169,-0.32444511,-0.5984,0.27395489,-3.860593601,-4.4057,0.545106399
675,s019y050w1,aryl,aryl,y,w,s019y050w1f.inp.out:,s019y050w1,1.670909259,-3.8765,5.547409259,2.68590833,-1.8734,4.55930833,7.12405588,7.0264,0.09765588,-0.617140603,-0.8569,0.239759397,-7.521914412,-8.1726,0.650685588
677,s020f135f1,aryl,aryl,f,f,s020f135f1f.inp.out:,s020f135f1,-1.657165064,-2.3961,0.738934936,-1.468949388,-1.7323,0.263350612,3.738421108,3.6027,0.135721108,-0.790482018,-0.5898,-0.200682018,-3.136154766,-3.6767,0.540545234
707,s021f072f1,aryl,aryl,f,f,s021f072f1f.inp.out:,s021f072f1,4.043134669,-2.9051,6.948234669,4.89277174,-1.3862,6.27897174,2.388969934,2.4538,-0.064830066,-0.095498221,-0.4067,0.311201779,-3.143108721,-3.566,0.422891279
711,s021f082f1,aryl,aryl,f,f,s021f082f1f.inp.out:,s021f082f1,-4.358134963,-2.842,-1.516134963,-4.254142588,-2.2768,-1.977342588,4.791503656,4.7338,0.057703656,-0.647317203,-0.6334,-0.013917203,-4.248178891,-4.6656,0.417421109
739,s021y088f1,aryl,aryl,y,f,s021y088f1f.inp.out:,s021y088f1,-1.476379992,-2.27,0.793620008,-1.283899826,-1.5497,0.265800174,4.028312115,4.1921,-0.163787885,-0.522280675,-0.5751,0.052819325,-3.698511606,-4.3373,0.638788394
742,s022f039w1,aryl,aryl,f,w,s022f039w1f.inp.out:,s022f039w1,-7.09885297,-1.864,-5.23485297,-6.34818771,-1.0577,-5.29048771,2.936210801,2.8132,0.123010801,-0.814742361,-0.4063,-0.408442361,-2.872133701,-3.2131,0.340966299
744,s022f041f1,aryl,aryl,f,f,s022f041f1f.inp.out:,s022f041f1,-9.699249679,-1.6596,-8.039649679,-9.28717683,-1.0587,-8.22847683,2.077317415,2.14,-0.062682585,-0.44271311,-0.2602,-0.18251311,-2.046677029,-2.4806,0.433922971
750,s022f168y1,aryl,aryl,f,y,s022f168y1f.inp.out:,s022f168y1,-16.66423989,-2.8089,-13.85533989,-16.27541284,-2.2414,-14.03401284,4.376768261,4.3486,0.028168261,-0.89730994,-0.598,-0.29930994,-3.868285371,-4.3181,0.449814629
772,s022w039y1,aryl,aryl,w,y,s022w039y1f.inp.out:,s022w039y1,4.049416195,-1.8,5.849416195,4.44444947,-0.9555,5.39994947,2.531830662,2.7218,-0.189969338,-0.302970366,-0.3619,0.058929634,-2.623893572,-3.2045,0.580606428
773,s022w040w1,aryl,aryl,w,w,s022w040w1f.inp.out:,s022w040w1,-3.364608251,-2.5034,-0.861208251,-2.111827531,-1.0488,-1.063027531,2.198028712,1.9806,0.217428712,-0.897476667,-0.3329,-0.564576667,-2.553332703,-3.1023,0.548967297
800,s023y031y1,aryl,aryl,y,y,s023y031y1f.inp.out:,s023y031y1,-14.74302973,-3.7838,-10.95922973,-13.41691892,-1.7802,-11.63671892,5.83820911,5.4584,0.37980911,-0.722862744,-0.6166,-0.106262744,-6.441457113,-6.8455,0.404042887
810,s024f099w1,aryl,aryl,f,w,s024f099w1f.inp.out:,s024f099w1,-2.575814083,-3.2462,0.670385917,-1.433098242,-1.564,0.130901758,2.222610773,2.2234,-0.000789227,-0.135569806,-0.4989,0.363330194,-3.229756807,-3.4067,0.176943193
876,s025w146f1,aryl,aryl,w,f,s025w146f1f.inp.out:,s025w146f1,13.39609596,-4.7596,18.15569596,15.08182194,-3.3202,18.40202194,7.894167805,8.3078,-0.413632195,-0.956654498,-0.9203,-0.036354498,-8.623239222,-8.827,0.203760778
879,s025y081f1,aryl,aryl,y,f,s025y081f1f.inp.out:,s025y081f1,8.411916863,-1.6518,10.06371686,8.727419784,-1.3886,10.11601978,2.608345189,3.2656,-0.657254811,-0.324902181,-0.3521,0.027197819,-2.598945929,-3.1767,0.577754071
886,s026f030w1,aryl,aryl,f,w,s026f030w1f.inp.out:,s026f030w1,-0.930743768,-1.8988,0.968056232,-0.58388944,-0.9801,0.39621056,1.935963377,1.8035,0.132463377,-0.248840773,-0.2366,-0.012240773,-2.033976931,-2.4856,0.451623069
887,s026f036f1,aryl,aryl,f,f,s026f036f1f.inp.out:,s026f036f1,-3.362037509,-1.5083,-1.853737509,-2.874595196,-0.9151,-1.959495196,1.975938139,2.3471,-0.371161861,-0.119709305,-0.2765,0.156790695,-2.343671085,-2.6639,0.320228915
910,s026y069y1,aryl,aryl,y,y,s026y069y1f.inp.out:,s026y069y1,2.476311408,-2.6578,5.134111408,4.088765904,-1.4017,5.490465904,4.109619988,4.3785,-0.268880012,-0.688825512,-0.5605,-0.128325512,-5.033248972,-5.0741,0.040851028
971,s029f101w1,aryl,aryl,f,w,s029f101w1f.inp.out:,s029f101w1,5.117078768,-1.4684,6.585478768,3.321627513,-2.3098,5.631427513,5.42000477,5.2603,0.15970477,-0.513193345,-0.5833,0.070106655,-3.111360107,-3.8356,0.724239893
973,s029f168y1,aryl,aryl,f,y,s029f168y1f.inp.out:,s029f168y1,-5.43006234,-1.9588,-3.47126234,-3.907312608,-0.8798,-3.027512608,1.955727179,2.2373,-0.281572821,-1.00457479,-0.3264,-0.67817479,-2.473902184,-2.99,0.516097816
993,s029w315f1,aryl,aryl,w,f,s029w315f1f.inp.out:,s029w315f1,-2.565930142,-1.949,-0.616930142,-2.650780441,-1.631,-1.019780441,3.196866457,3.142,0.054866457,-0.587321991,-0.3672,-0.220121991,-2.52469423,-3.0927,0.56800577
1024,s030w036f1,aryl,aryl,w,f,s030w036f1f.inp.out:,s030w036f1,-15.57250617,-3.6227,-11.94980617,-15.90163852,-3.2955,-12.60613852,7.31856193,7.3591,-0.04053807,-0.774838067,-0.9063,0.131461933,-6.214591579,-6.7799,0.565308421
1027,s030w073f1,aryl,aryl,w,f,s030w073f1f.inp.out:,s030w073f1,8.652893115,-0.7025,9.355393115,8.890512494,-0.4162,9.306712494,2.096230265,2.5155,-0.419269735,-0.360489275,-0.2969,-0.063589275,-1.973360431,-2.505,0.531639569
1029,s030w103f1,aryl,aryl,w,f,s030w103f1f.inp.out:,s030w103f1,8.445500914,-3.8387,12.28420091,8.957600025,-2.797,11.75460003,4.983590505,4.8809,0.102690505,-0.69067237,-0.7818,0.09112763,-4.805017308,-5.1408,0.335782692
1042,s031f092w2,aryl,aryl,f,w,s031f092w2f.inp.out:,s031f092w2,-10.1530814,-2.8955,-7.2575814,-12.97733076,-4.6431,-8.33423076,12.49801903,11.8454,0.65261903,-1.74809383,-1.4176,-0.33049383,-7.925675835,-8.6801,0.754424165
1043,s031f095y1,aryl,aryl,f,y,s031f095y1f.inp.out:,s031f095y1,-5.287116145,-2.4337,-2.853416145,-5.397526653,-1.8159,-3.581626653,3.522793032,3.6106,-0.087806968,-0.14376847,-0.4833,0.33953153,-3.268614117,-3.7451,0.476485883
1069,s031y037f2,aryl,aryl,y,f,s031y037f2f.inp.out:,s031y037f2,17.61535821,-3.119,20.73435821,17.57311679,-2.6429,20.21601679,5.740113227,5.6176,0.122513227,-1.100151762,-0.8156,-0.284551762,-4.597720047,-5.2782,0.680479953
1097,s032w073f1,aryl,aryl,w,f,s032w073f1f.inp.out:,s032w073f1,50.27540322,-3.4192,53.69460322,51.13840153,-2.3896,53.52800153,7.451906056,6.7796,0.672306056,-2.164866152,-0.8263,-1.338566152,-6.150038207,-6.9829,0.832861793
1105,s033f058f1,aryl,aryl,f,f,s033f058f1f.inp.out:,s033f058f1,-3.315166711,-0.7643,-2.550866711,-2.746824901,-0.3028,-2.444024901,1.456455236,1.8283,-0.371844764,-0.111065178,-0.1994,0.088334822,-1.913731867,-2.0904,0.176668133
1130,s034f045w1,aryl,aryl,f,w,s034f045w1f.inp.out:,s034f045w1,-6.349672249,-5.1674,-1.182272249,-4.875033381,-3.3277,-1.547333381,6.354453611,6.4985,-0.144046389,-0.860032612,-0.9472,0.087167388,-6.969059866,-7.391,0.421940134
1157,s034w037w1,aryl,aryl,w,w,s034w037w1f.inp.out:,s034w037w1,-25.58563292,-3.1478,-22.43783292,-23.75956173,-0.5851,-23.17446173,3.624891173,3.5895,0.035391173,-0.432692186,-0.4957,0.063007814,-5.018270234,-5.6566,0.638329766
1161,s034y277y1,aryl,aryl,y,y,s034y277y1f.inp.out:,s034y277y1,2.762863424,1.5767,1.186163424,1.431631587,0.7964,0.635231587,3.790429689,4.5487,-0.758270311,-0.488157852,-1.2738,0.785642148,-1.971040062,-2.4946,0.523559938
1168,s035f047y1,aryl,aryl,f,y,s035f047y1f.inp.out:,s035f047y1,-4.822314157,-2.4938,-2.328514157,-3.304421463,-1.6429,-1.661521463,3.021022132,3.2386,-0.217577868,-1.151600425,-0.5184,-0.633200425,-3.387314339,-3.5711,0.183785661
1171,s035f111f1,aryl,aryl,f,f,s035f111f1f.inp.out:,s035f111f1,-7.367862597,-2.2926,-5.075262597,-7.340698875,-2.0526,-5.288098875,4.459458956,4.3537,0.105758956,-1.132610329,-0.6543,-0.478310329,-3.354012349,-3.9394,0.585387651
1172,s035f128f1,aryl,aryl,f,f,s035f128f1f.inp.out:,s035f128f1,8.275609995,-2.5515,10.82711,8.400507156,-3.0501,11.45060716,6.801525461,6.7446,0.056925461,-2.288815914,-0.797,-1.491815914,-4.637606646,-5.4491,0.811493354
1186,s035w058f1,aryl,aryl,w,f,s035w058f1f.inp.out:,s035w058f1,-11.15192529,-4.5997,-6.55222529,-12.11354771,-4.1088,-8.00474771,8.314076373,8.1017,0.212376373,-0.677598408,-1.2077,0.530101592,-6.674855613,-7.3849,0.710044387
1198,s036f303w1,aryl,aryl,f,w,s036f303w1f.inp.out:,s036f303w1,-1.920941027,-1.5578,-0.363141027,-1.565026603,-1.0069,-0.558126603,1.844961821,1.945,-0.100038179,-0.363315535,-0.2369,-0.126415535,-1.837560709,-2.2591,0.421539291
1222,s036w047f1,aryl,aryl,w,f,s036w047f1f.inp.out:,s036w047f1,0.926951848,-0.7606,1.687551848,1.180483246,-0.3821,1.562583246,2.020429144,2.4787,-0.458270856,-0.134091291,-0.3078,0.173708709,-2.139869313,-2.5494,0.409530687
1249,s038f042f1,aryl,aryl,f,f,s038f042f1f.inp.out:,s038f042f1,2.683313178,-3.2943,5.977613178,4.072365439,-1.6792,5.751565439,4.09467162,3.9907,0.10397162,-0.958115129,-0.5543,-0.403815129,-4.525608689,-5.0515,0.525891311
1252,s038f049f1,aryl,aryl,f,f,s038f049f1f.inp.out:,s038f049f1,-1.374739613,-1.2582,-0.116539613,-1.07066673,-0.8295,-0.24116673,2.83895489,3.0611,-0.22214511,-0.386229639,-0.3671,-0.019129639,-2.756798135,-3.1227,0.365901865
1275,s038w063w1,aryl,aryl,w,w,s038w063w1f.inp.out:,s038w063w1,-24.66597927,-5.175,-19.49097927,-21.27529601,-2.1168,-19.15849601,7.15565358,7.7036,-0.54794642,-1.114770379,-1.0647,-0.050070379,-9.431566525,-9.697,0.265433475
1277,s038w068y1,aryl,aryl,w,y,s038w068y1f.inp.out:,s038w068y1,-1.82586185,-1.9813,0.15543815,-1.847340297,-1.4508,-0.396540297,3.562532984,3.9352,-0.372667016,-0.241994057,-0.4542,0.212205943,-3.299060543,-4.0115,0.712439457
1280,s038w081y1,aryl,aryl,w,y,s038w081y1f.inp.out:,s038w081y1,21.70596451,-2.5687,24.27466451,19.61470015,-3.258,22.87270015,9.045616438,9.785,-0.739383562,-0.700669951,-1.8641,1.163430049,-6.253682131,-7.2316,0.977917869
1283,s038y060y1,aryl,aryl,y,y,s038y060y1f.inp.out:,s038y060y1,23.66792603,-2.7859,26.45382603,25.25202687,-2.0054,27.25742687,5.090428404,5.2502,-0.159771596,-2.000873671,-0.7071,-1.293773671,-4.673655579,-5.3237,0.650044421
1314,s040f052y1,aryl,aryl,f,y,s040f052y1f.inp.out:,s040f052y1,-1.98969821,-2.4645,0.47480179,-1.879121477,-2.2632,0.384078523,3.290089489,3.649,-0.358910511,-0.394502724,-0.566,0.171497276,-3.006163434,-3.2844,0.278236566
1315,s040f116f1,aryl,aryl,f,f,s040f116f1f.inp.out:,s040f116f1,-2.827610066,-2.3729,-0.454710066,-2.182392667,-1.1352,-1.047192667,1.802537801,1.7728,0.029737801,-0.120631918,-0.3236,0.202968082,-2.32712322,-2.6869,0.35977678
1316,s040f133f1,aryl,aryl,f,f,s040f133f1f.inp.out:,s040f133f1,-6.515527778,-2.8899,-3.625627778,-8.144688019,-3.0586,-5.086088019,6.605232229,6.4029,0.202332229,-0.369058164,-0.8009,0.431841836,-4.607013824,-5.4333,0.826286176
1337,s040y045y1,aryl,aryl,y,y,s040y045y1f.inp.out:,s040y045y1,-9.9700746,-3.485,-6.4850746,-9.597755382,-2.4986,-7.099155382,5.072705357,5.1347,-0.061994643,-0.519684331,-0.6622,0.142515669,-4.925340182,-5.459,0.533659818
1341,s040y082f1,aryl,aryl,y,f,s040y082f1f.inp.out:,s040y082f1,-0.621910669,-0.4599,-0.162010669,-0.455363447,-0.9184,0.463036553,2.602411486,3.4234,-0.820988514,-0.010689588,-0.3229,0.312210412,-2.75826912,-2.6419,-0.11636912
1374,s042f049f1,aryl,aryl,f,f,s042f049f1f.inp.out:,s042f049f1,-3.355319432,-1.0962,-2.259119432,-3.207595327,-0.0013,-3.206295327,3.990289819,3.44,0.550289819,-0.502809663,-0.3536,-0.149209663,-3.635204198,-4.1813,0.546095802
1375,s042f054f1,aryl,aryl,f,f,s042f054f1f.inp.out:,s042f054f1,-2.461787669,-2.0405,-0.421287669,-4.767283725,-2.7464,-2.020883725,6.232473823,5.9475,0.284973823,-0.317889994,-0.8251,0.507210006,-3.609087836,-4.4165,0.807412164
1380,s042f077f1,aryl,aryl,f,f,s042f077f1f.inp.out:,s042f077f1,-4.763369254,-1.6551,-3.108269254,-4.509583531,-0.9177,-3.591883531,1.620005016,1.581,0.039005016,-0.168344508,-0.2193,0.050955492,-1.705446232,-2.0991,0.393653768
1381,s042f085f1,aryl,aryl,f,f,s042f085f1f.inp.out:,s042f085f1,-0.058417364,-1.6846,1.626182636,0.792748799,-0.6166,1.409348799,1.12546712,1.1442,-0.01873288,-0.042208662,-0.15,0.107791338,-1.934424621,-2.0622,0.127775379
1386,s042f092y1,aryl,aryl,f,y,s042f092y1f.inp.out:,s042f092y1,-15.29091197,-2.6862,-12.60471197,-13.58447159,-1.3927,-12.19177159,2.38536093,2.5157,-0.13033907,-1.063620218,-0.3545,-0.709120218,-3.028181092,-3.4546,0.426418908
1407,s043f065f1,aryl,aryl,f,f,s043f065f1f.inp.out:,s043f065f1,0.981867134,-1.6677,2.649567134,0.152665981,-1.5692,1.721865981,3.397171234,3.3009,0.096271234,-0.064553623,-0.3631,0.298546377,-2.503416458,-3.0364,0.532983542
1408,s043f068w1,aryl,aryl,f,w,s043f068w1f.inp.out:,s043f068w1,1.637388272,-1.8045,3.441888272,2.248011346,-1.1313,3.379311346,2.315590648,2.7221,-0.406509352,-0.1359448,-0.3513,0.2153552,-2.790268922,-3.044,0.253731078
1409,s043f073f1,aryl,aryl,f,f,s043f073f1f.inp.out:,s043f073f1,4.032815431,-1.3526,5.385415431,1.778560335,-2.099,3.877560335,5.691588903,5.3078,0.383788903,-0.238047584,-0.659,0.420952416,-3.199286223,-3.9024,0.703113777
1425,s043y186y1,aryl,aryl,y,y,s043y186y1f.inp.out:,s043y186y1,-10.37168815,-2.3979,-7.97378815,-9.655868784,-1.4421,-8.213768784,4.092996635,3.8437,0.249296635,-1.237721474,-0.6311,-0.606621474,-3.571094531,-4.1684,0.597305469
1447,s044w048y1,aryl,aryl,w,y,s044w048y1f.inp.out:,s044w048y1,-2.454435754,-2.8769,0.422464246,-1.126938043,-1.2181,0.091161957,2.378905461,2.1505,0.228405461,-0.624946765,-0.3985,-0.226446765,-3.081456281,-3.4107,0.329243719
1448,s044w085f1,aryl,aryl,w,f,s044w085f1f.inp.out:,s044w085f1,-31.32368205,-4.7396,-26.58408205,-29.96160576,-2.5318,-27.42980576,7.589671736,7.2594,0.330271736,-0.906994273,-0.8334,-0.073594273,-8.044753624,-8.6339,0.589146376
1449,s044w147y1,aryl,aryl,w,y,s044w147y1f.inp.out:,s044w147y1,-0.63019323,-1.3158,0.68560677,-0.435876999,-0.7154,0.279523001,2.30763627,2.3178,-0.01016373,-0.320784903,-0.3409,0.020115097,-2.181167598,-2.5773,0.396132402
1459,s045f066f1,aryl,aryl,f,f,s045f066f1f.inp.out:,s045f066f1,0.696703963,-1.7094,2.406103963,0.624835384,-1.3232,1.948035384,2.447298631,2.6682,-0.220901369,-0.10616798,-0.3227,0.21653202,-2.269262135,-2.7317,0.462437865
1487,s046f107f1,aryl,aryl,f,f,s046f107f1f.inp.out:,s046f107f1,4.293031147,-2.9191,7.212131147,6.31753766,-1.475,7.79253766,2.792464168,2.8434,-0.050935832,-1.293930226,-0.4366,-0.857330226,-3.523040518,-3.8509,0.327859482
1490,s046f161y1,aryl,aryl,f,y,s046f161y1f.inp.out:,s046f161y1,-0.596030875,-2.1889,1.592869125,0.645490049,-0.8971,1.542590049,2.191515387,2.4172,-0.225684613,-0.087131324,-0.3047,0.217568676,-3.345904986,-3.4043,0.058395014
1515,s047w083y1,aryl,aryl,w,y,s047w083y1f.inp.out:,s047w083y1,-17.65917434,-1.969,-15.69017434,-17.92322533,-1.8458,-16.07742533,4.178339019,4.1364,0.041939019,-0.855214981,-0.5171,-0.338114981,-3.059073042,-3.7426,0.683526958
1516,s047y052f1,aryl,aryl,y,f,s047y052f1f.inp.out:,s047y052f1,-0.71458765,-0.7762,0.06161235,-0.741707322,-0.4182,-0.323507322,2.545088984,2.934,-0.388911016,-0.05584863,-0.3485,0.29265137,-2.462120683,-2.9434,0.481279317
1519,s047y058y1,aryl,aryl,y,y,s047y058y1f.inp.out:,s047y058y1,-15.27367147,-3.2956,-11.97807147,-14.47634223,-1.8515,-12.62484223,4.623654371,4.5367,0.086954371,-0.572469693,-0.5372,-0.035269693,-4.848513914,-5.4437,0.595186086
1522,s047y111f1,aryl,aryl,y,f,s047y111f1f.inp.out:,s047y111f1,19.69003925,-1.3812,21.07123925,20.24619156,-0.4822,20.72839156,2.671077305,2.7314,-0.060322695,-0.39630208,-0.4044,0.00809792,-2.830927533,-3.226,0.395072467
1523,s047y136y1,aryl,aryl,y,y,s047y136y1f.inp.out:,s047y136y1,4.703735984,3.7388,0.964935984,5.1608142,2.8064,2.3544142,1.825348304,3.2355,-1.410151696,-0.404373487,-0.5823,0.177926513,-1.878053096,-1.7207,-0.157353096
1526,s048f058f1,aryl,aryl,f,f,s048f058f1f.inp.out:,s048f058f1,8.20638156,-1.7182,9.92458156,8.127374541,-1.2743,9.401674541,2.567715317,2.5439,0.023815317,-0.319817925,-0.3128,-0.007017925,-2.168890435,-2.6749,0.506009565
1528,s048f105y1,aryl,aryl,f,y,s048f105y1f.inp.out:,s048f105y1,-12.06332487,-1.8129,-10.25042487,-11.03168745,-0.7687,-10.26298745,1.604510033,1.5218,0.082710033,-0.614109025,-0.2535,-0.360609025,-2.02203843,-2.3125,0.29046157
1553,s049f056f1,aryl,aryl,f,f,s049f056f1f.inp.out:,s049f056f1,0.3962254,-1.6754,2.0716254,-0.257054371,-1.4592,1.202145629,3.050977037,3.0017,0.049277037,-0.175171206,-0.4624,0.287228794,-2.222526123,-2.7556,0.533073877
1571,s049y054f1,aryl,aryl,y,f,s049y054f1f.inp.out:,s049y054f1,-1.058486704,-1.0438,-0.014686704,-0.784256716,-1.0405,0.256243284,2.298881076,2.8805,-0.581618924,-0.098066641,-0.3132,0.215133359,-2.475044422,-2.5706,0.095555578
1578,s050f071f1,aryl,aryl,f,f,s050f071f1f.inp.out:,s050f071f1,1.918001942,-1.2391,3.157101942,0.672524631,-2.0056,2.678124631,4.611621369,4.9116,-0.299978631,-0.113445349,-0.5874,0.473954651,-3.252698772,-3.5577,0.305001228
1602,s051f175f1,aryl,aryl,f,f,s051f175f1f.inp.out:,s051f175f1,6.79816614,-1.071,7.86916614,4.975313152,-1.6392,6.614513152,4.544059573,4.5489,-0.004840427,-0.045730631,-0.6023,0.556569369,-2.675475892,-3.3785,0.703024108
1619,s051w107f1,aryl,aryl,w,f,s051w107f1f.inp.out:,s051w107f1,0.336303542,-2.4017,2.738003542,-0.188668354,-2.1526,1.963931646,5.744187396,5.6035,0.140687396,-0.405438794,-0.6829,0.277461206,-4.813776706,-5.1697,0.355923294
1622,s052f071f1,aryl,aryl,f,f,s052f071f1f.inp.out:,s052f071f1,2.148581084,-0.995,3.143581084,2.511297356,-0.6403,3.151597356,2.081130858,2.6429,-0.561769142,-0.102977958,-0.2745,0.171522042,-2.340869172,-2.723,0.382130828
1625,s052f111f1,aryl,aryl,f,f,s052f111f1f.inp.out:,s052f111f1,-2.235004777,-1.0243,-1.210704777,-1.652842781,-0.5962,-1.056642781,2.314573785,2.4934,-0.178826215,-0.039450925,-0.2788,0.239349075,-2.857284855,-2.6427,-0.214584855
1645,s052y058f1,aryl,aryl,y,f,s052y058f1f.inp.out:,s052y058f1,0.090652227,-1.6417,1.732352227,0.983227115,-0.4584,1.441627115,1.553983482,1.4836,0.070383482,-0.246407955,-0.2256,-0.020807955,-2.200150415,-2.4412,0.241049585
1647,s052y116f1,aryl,aryl,y,f,s052y116f1f.inp.out:,s052y116f1,2.590954654,-1.7004,4.291354654,2.828404983,-0.8361,3.664504983,2.947038816,3.0158,-0.068761184,-0.153885527,-0.432,0.278114473,-3.030603618,-3.4481,0.417496382
1665,s053y092y1,aryl,aryl,y,y,s053y092y1f.inp.out:,s053y092y1,-19.94828474,-2.5577,-17.39058474,-18.84865424,-2.0419,-16.80675424,2.395937882,2.759,-0.363062118,-0.664008829,-0.497,-0.167008829,-2.831559614,-2.7779,-0.053659614
1706,s056f062f1,aryl,aryl,f,f,s056f062f1f.inp.out:,s056f062f1,-3.000968738,-1.3105,-1.690468738,-3.147024195,-1.2253,-1.921724195,3.109526427,3.4749,-0.365373573,-0.356269839,-0.4214,0.065130161,-2.607201193,-3.1388,0.531598807
1707,s056f129f1,aryl,aryl,f,f,s056f129f1f.inp.out:,s056f129f1,3.430357639,-1.9508,5.381157639,3.52259744,-1.2943,4.81689744,2.643603661,2.5756,0.068003661,-0.084759312,-0.384,0.299240688,-2.651084151,-2.8481,0.197015849
1708,s056f152f1,aryl,aryl,f,f,s056f152f1f.inp.out:,s056f152f1,0.943786732,-1.1443,2.088086732,1.457743305,-0.7252,2.182943305,1.815679408,1.9498,-0.134120592,-0.113959146,-0.262,0.148040854,-2.215676835,-2.1069,-0.108776835
1719,s056y062y1,aryl,aryl,y,y,s056y062y1f.inp.out:,s056y062y1,33.77660691,-4.0992,37.87580691,36.70242405,-1.5197,38.22212405,4.708256745,4.4569,0.251356745,-1.747745818,-0.62,-1.127745818,-5.886328069,-6.4164,0.530071931
1726,s057f116f1,aryl,aryl,f,f,s057f116f1f.inp.out:,s057f116f1,3.036726951,-1.0206,4.057326951,3.273992671,-0.2676,3.541592671,1.499619392,1.4942,0.005419392,-0.023641063,-0.1802,0.156558937,-1.713244049,-2.067,0.353755951
1737,s058f062y1,aryl,aryl,f,y,s058f062y1f.inp.out:,s058f062y1,5.649754921,-3.705,9.354754921,6.400823727,-2.9369,9.337723727,6.015266706,6.3863,-0.371033294,-0.97586905,-0.8315,-0.14436905,-5.790466463,-6.3229,0.532433537
1738,s058f070w1,aryl,aryl,f,w,s058f070w1f.inp.out:,s058f070w1,-3.101092638,-4.1281,1.027007362,-1.184891308,-2.1651,0.980208692,4.563905955,5.1909,-0.626994045,-0.50001892,-0.7561,0.25608108,-5.980088303,-6.3977,0.417611697
1739,s058f081f1,aryl,aryl,f,f,s058f081f1f.inp.out:,s058f081f1,0.122476956,-2.3614,2.483876956,2.051956689,-0.6638,2.715756689,1.541528172,1.8123,-0.270771828,-0.172217563,-0.2252,0.052982437,-3.298790404,-3.2847,-0.014090404
1764,s059f120w1,aryl,aryl,f,w,s059f120w1f.inp.out:,s059f120w1,5.79796377,-1.9526,7.75056377,4.953491714,-1.8097,6.763191714,3.752976473,3.4736,0.279376473,-0.394115117,-0.5253,0.131184883,-2.5143893,-3.0912,0.5768107
1828,s062f120y1,aryl,aryl,f,y,s062f120y1f.inp.out:,s062f120y1,-1.096393226,-1.7009,0.604506774,0.134137287,-1.1743,1.308437287,2.653615611,3.223,-0.569384389,-0.73669253,-0.4281,-0.30859253,-3.147453656,-3.3215,0.174046344
1851,s062w164f1,aryl,aryl,w,f,s062w164f1f.inp.out:,s062w164f1,-7.082128087,-4.9705,-2.111628087,-6.114830123,-3.8104,-2.304430123,7.891854903,7.9243,-0.032445097,-1.547716828,-1.0219,-0.525816828,-7.31143604,-8.0625,0.75106396
1853,s062y077f1,aryl,aryl,y,f,s062y077f1f.inp.out:,s062y077f1,4.473339256,-2.4089,6.882239256,5.130674371,-1.2847,6.415374371,4.110167921,3.9761,0.134067921,-0.197428819,-0.4948,0.297371181,-4.57007428,-4.6055,0.03542572
1857,s062y095w1,aryl,aryl,y,w,s062y095w1f.inp.out:,s062y095w1,-20.09480662,-2.1165,-17.97830662,-19.90320263,-1.7948,-18.10840263,3.544048089,3.753,-0.208951911,-0.981119907,-0.7635,-0.217619907,-2.754532107,-3.3112,0.556667893
1873,s063w081y1,aryl,aryl,w,y,s063w081y1f.inp.out:,s063w081y1,14.28219097,1.5617,12.72049097,10.63643944,-2.9257,13.56213944,9.683429902,13.0155,-3.332070098,-1.242460981,-2.7461,1.503639019,-4.795217452,-5.782,0.986782548
1876,s063w136f1,aryl,aryl,w,f,s063w136f1f.inp.out:,s063w136f1,8.277800786,-1.416,9.693800786,8.901221722,-0.7149,9.616121722,1.984340866,2.02,-0.035659134,-0.638583219,-0.2577,-0.380883219,-1.96917852,-2.4634,0.49422148
1880,s064f125w1,aryl,aryl,f,w,s064f125w1f.inp.out:,s064f125w1,1.963193174,-3.1935,5.156693174,1.598005995,-3.0865,4.684505995,4.909749003,4.7417,0.168049003,-0.840873092,-0.8421,0.001226908,-3.703688732,-4.0066,0.302911268
1890,s064y078f1,aryl,aryl,y,f,s064y078f1f.inp.out:,s064y078f1,9.219691526,-2.5217,11.74139153,9.763250349,-1.4673,11.23055035,3.480268236,3.6163,-0.136031764,-0.419424389,-0.5027,0.083275611,-3.60440267,-4.1679,0.56349733
1893,s064y164f1,aryl,aryl,y,f,s064y164f1f.inp.out:,s064y164f1,2.517360889,-2.845,5.362360889,1.906273591,-2.497,4.403273591,5.196668233,5.2281,-0.031431767,-0.382058897,-0.6641,0.282041103,-4.203521975,-4.912,0.708478025
1924,s066w109y1,aryl,aryl,w,y,s066w109y1f.inp.out:,s066w109y1,2.81618304,-1.7204,4.53658304,4.753807221,-1.1441,5.897907221,2.701596144,2.8659,-0.164303856,-1.378232592,-0.4716,-0.906632592,-3.260987796,-2.9706,-0.290387796
1968,s069f080y1,aryl,aryl,f,y,s069f080y1f.inp.out:,s069f080y1,-5.299278413,-2.1879,-3.111378413,-5.202400884,-1.7489,-3.453500884,4.100326964,4.1805,-0.080173036,-0.632699904,-0.5631,-0.069599904,-3.564504589,-4.0565,0.491995411
1969,s069f166y1,aryl,aryl,f,y,s069f166y1f.inp.out:,s069f166y1,3.510440318,2.4512,1.059240318,1.177077489,0.8291,0.347977489,6.259402233,7.5331,-1.273697767,-1.115596483,-1.98,0.864403517,-2.810442984,-3.931,1.120557016
1983,s070f120y1,aryl,aryl,f,y,s070f120y1f.inp.out:,s070f120y1,6.137276049,-2.7956,8.932876049,6.461000601,-1.81,8.271000601,3.527897243,3.5173,0.010597243,-0.44360234,-0.4701,0.02649766,-3.408019454,-4.0328,0.624780546
2006,s071w099w1,aryl,aryl,w,w,s071w099w1f.inp.out:,s071w099w1,-58.67592519,-6.843,-51.83292519,-52.23275048,-5.7725,-46.46025048,9.557059497,9.9883,-0.431240503,-5.249131374,-2.493,-2.756131374,-10.75110283,-8.5658,-2.18530283
2008,s071w125f1,aryl,aryl,w,f,s071w125f1f.inp.out:,s071w125f1,-7.032056223,-2.3483,-4.683756223,-6.72784529,-1.7566,-4.97124529,4.40831413,4.3753,0.03301413,-0.973737056,-0.6244,-0.349337056,-3.738787945,-4.3425,0.603712055
2010,s071w166y1,aryl,aryl,w,y,s071w166y1f.inp.out:,s071w166y1,3.504764957,-2.0384,5.543164957,4.237810959,-1.0439,5.281710959,2.243073297,2.466,-0.222926703,-0.12434904,-0.4935,0.36915096,-2.85177026,-2.9669,0.11512974
2028,s073f077y1,aryl,aryl,f,y,s073f077y1f.inp.out:,s073f077y1,0.70480662,-2.8262,3.53100662,2.39608227,-1.4917,3.88778227,2.716401567,2.787,-0.070598433,-1.176286588,-0.4244,-0.751886588,-3.231390692,-3.6971,0.465709308
2038,s073w089y1,aryl,aryl,w,y,s073w089y1f.inp.out:,s073w089y1,9.381193147,-2.9309,12.31209315,10.00978054,-2.762,12.77178054,7.114066331,7.7401,-0.626033669,-1.108294955,-0.9461,-0.162194955,-6.634358834,-6.9629,0.328541166
2063,s075f184f1,aryl,aryl,f,f,s075f184f1f.inp.out:,s075f184f1,0.76190799,-1.0224,1.78430799,0.823041299,-0.4937,1.316741299,2.579341448,2.7478,-0.168458552,-0.116247324,-0.3252,0.208952676,-2.524227433,-2.9513,0.427072567
2091,s076y136y1,aryl,aryl,y,y,s076y136y1f.inp.out:,s076y136y1,-20.75254659,-1.7828,-18.96974659,-19.47565538,-0.6791,-18.79655538,1.528414928,1.4614,0.067014928,-0.531890084,-0.2293,-0.302590084,-2.27341606,-2.3358,0.06238394
2093,s076y143w1,aryl,aryl,y,w,s076y143w1f.inp.out:,s076y143w1,19.03260536,-5.6358,24.66840536,19.73665905,-3.4889,23.22555905,6.805576664,6.8121,-0.006523336,-0.387960095,-1.0382,0.650239905,-7.121670251,-7.9208,0.799129749
2098,s077f089f1,aryl,aryl,f,f,s077f089f1f.inp.out:,s077f089f1,7.628612629,-2.5972,10.22581263,8.192039169,-1.6442,9.836239169,3.29413473,3.1833,0.11083473,-0.664188419,-0.4244,-0.239788419,-3.193372851,-3.7119,0.518527149
2101,s077f116f1,aryl,aryl,f,f,s077f116f1f.inp.out:,s077f116f1,-2.444552566,-1.5383,-0.906252566,-0.912872756,-0.1799,-0.732972756,1.681862962,1.8554,-0.173537038,-0.173205562,-0.2357,0.062494438,-3.04033721,-2.9781,-0.06223721
2121,s078f104w1,aryl,aryl,f,w,s078f104w1f.inp.out:,s078f104w1,3.093525804,-2.4332,5.526725804,3.460114755,-2.0474,5.507514755,4.046633734,4.1612,-0.114566266,-0.904783528,-0.5004,-0.404383528,-3.508439158,-4.0466,0.538160842
2135,s078y082f1,aryl,aryl,y,f,s078y082f1f.inp.out:,s078y082f1,4.621503301,-2.9744,7.595903301,5.48379027,-1.6315,7.11529027,2.956656194,3.2289,-0.272243806,-0.308540934,-0.5063,0.197759066,-3.510402292,-4.0654,0.554997708
2138,s079f089f1,aryl,aryl,f,f,s079f089f1f.inp.out:,s079f089f1,-8.27450478,-1.0791,-7.19540478,-8.259167927,-0.739,-7.520167927,1.9352319,2.2962,-0.3609681,-0.077563706,-0.2785,0.200936294,-1.873004984,-2.3578,0.484795016
2154,s079y146f1,aryl,aryl,y,f,s079y146f1f.inp.out:,s079y146f1,-0.387001464,-2.6337,2.246698536,-0.585717285,-1.7785,1.192782715,3.435424889,3.1284,0.307024889,-0.089871491,-0.405,0.315128509,-3.146837577,-3.5786,0.431762423
2155,s079y153w1,aryl,aryl,y,w,s079y153w1f.inp.out:,s079y153w1,-7.210189605,-1.5194,-5.690789605,-6.927340152,-1.173,-5.754340152,3.072140228,3.4087,-0.336559772,-0.574667763,-0.4189,-0.155767763,-2.780321917,-3.3363,0.555978083
2162,s080f166f1,aryl,aryl,f,f,s080f166f1f.inp.out:,s080f166f1,-5.608242094,-0.5322,-5.076042094,-5.281720461,0.0086,-5.290320461,1.653355009,1.9347,-0.281344991,-0.085876387,-0.2052,0.119323613,-1.894000255,-2.2703,0.376299745
2168,s080w090y1,aryl,aryl,w,y,s080w090y1f.inp.out:,s080w090y1,-21.09891423,-3.2145,-17.88441423,-21.28535433,-3.0618,-18.22355433,5.192657504,4.8618,0.330857504,-1.344939826,-0.6808,-0.664139826,-3.661277513,-4.3337,0.672422487
2172,s080y129w1,aryl,aryl,y,w,s080y129w1f.inp.out:,s080y129w1,-33.22099469,-4.6307,-28.59029469,-30.80249504,-1.3579,-29.44459504,6.309263822,5.7834,0.525863822,-1.103837195,-0.7466,-0.357237195,-7.623926208,-8.3095,0.685573792
2196,s082f102y1,aryl,aryl,f,y,s082f102y1f.inp.out:,s082f102y1,4.705062833,-2.935,7.640062833,5.418036051,-1.8241,7.242136051,3.948760991,4.024,-0.075239009,-0.307672663,-0.4717,0.164027337,-4.354061609,-4.6633,0.309238391
2229,s083y087f1,aryl,aryl,y,f,s083y087f1f.inp.out:,s083y087f1,-10.40409276,-3.0555,-7.34859276,-9.851455514,-2.1492,-7.702255514,4.51064752,4.8974,-0.38675248,-0.612567257,-0.712,0.099432743,-4.450717505,-5.0917,0.640982495
2230,s083y094y1,aryl,aryl,y,y,s083y094y1f.inp.out:,s083y094y1,-28.75618811,-0.9729,-27.78328811,-27.7206873,-0.6638,-27.0568873,2.782104331,3.1513,-0.369195669,-1.342646627,-0.4229,-0.919746627,-2.47495858,-3.0375,0.56254142
2306,s089y094y1,aryl,aryl,y,y,s089y094y1f.inp.out:,s089y094y1,23.19316053,-1.3035,24.49666053,23.15240321,-1.1516,24.30400321,2.688845093,2.9805,-0.291654907,-0.288076591,-0.3812,0.093123409,-2.360011122,-2.7513,0.391288878
2337,s092f099w1,aryl,aryl,f,w,s092f099w1f.inp.out:,s092f099w1,9.584001586,-3.7981,13.38210159,11.07016399,-2.1626,13.23276399,7.736036237,7.4464,0.289636237,-1.993929317,-0.9294,-1.064529317,-7.228269323,-8.1525,0.924230677
2390,s095y106y1,aryl,aryl,y,y,s095y106y1f.inp.out:,s095y106y1,-4.723272632,-4.0332,-0.690072632,-6.543053191,-7.6616,1.118546809,6.831177911,9.9973,-3.166122089,-1.327141291,-2.6164,1.289258709,-3.684256061,-3.7525,0.068243939
2408,s097f181w1,aryl,aryl,f,w,s097f181w1f.inp.out:,s097f181w1,-2.326053395,-2.7836,0.457546605,-0.809154661,-1.3534,0.544245339,1.599331715,1.8971,-0.297768285,-0.223317838,-0.3002,0.076882162,-2.892912611,-3.0272,0.134287389
2418,s097w173y1,aryl,aryl,w,y,s097w173y1f.inp.out:,s097w173y1,-20.51566133,-3.1718,-17.34386133,-18.27853347,-0.4123,-17.86623347,2.233262021,1.7456,0.487662021,-0.41367241,-0.3057,-0.10797241,-4.056717534,-4.1994,0.142682466
2420,s097y101w1,aryl,aryl,y,w,s097y101w1f.inp.out:,s097y101w1,-44.55638184,-4.0835,-40.47288184,-44.20226533,-3.317,-40.88526533,7.062485894,6.7884,0.274085894,-1.83061259,-1.0403,-0.79031259,-5.585989815,-6.5146,0.928610185
2529,s104w202f1,aryl,aryl,w,f,s104w202f1f.inp.out:,s104w202f1,4.964590746,-4.5368,9.501390746,6.958957932,-3.1483,10.10725793,8.875063004,8.7669,0.108163004,-0.748521721,-0.974,0.225478279,-10.12090841,-9.1814,-0.93950841
2548,s106f109f1,aryl,aryl,f,f,s106f109f1f.inp.out:,s106f109f1,-0.498952986,-2.3025,1.803547014,0.148222967,-1.1106,1.258822967,1.851447347,1.7087,0.142747347,-0.192897014,-0.2438,0.050902986,-2.305726286,-2.6568,0.351073714
2565,s108f125w1,aryl,aryl,f,w,s108f125w1f.inp.out:,s108f125w1,-4.623877448,-1.7478,-2.876077448,-3.912450138,-0.9683,-2.944150138,2.680912175,2.5981,0.082812175,-0.663021583,-0.3424,-0.320621583,-2.729317964,-3.0352,0.305882036
2566,s108f127f1,aryl,aryl,f,f,s108f127f1f.inp.out:,s108f127f1,-3.724996561,-1.5908,-2.134196561,-3.115736167,-0.8192,-2.296536167,1.53231848,1.5428,-0.01048152,-0.383496625,-0.1881,-0.195396625,-1.758082312,-2.1263,0.368217688
2578,s109f228y1,aryl,aryl,f,y,s109f228y1f.inp.out:,s109f228y1,-16.11082135,-2.5487,-13.56212135,-15.25079213,-1.7428,-13.50799213,2.875151914,2.9871,-0.111948086,-0.760596578,-0.3965,-0.364096578,-2.97458456,-3.3964,0.42181544
2590,s110f128f1,aryl,aryl,f,f,s110f128f1f.inp.out:,s110f128f1,-5.782618069,-1.5142,-4.268418069,-6.354982217,-1.1488,-5.206182217,3.595245061,3.7185,-0.123254939,-0.090948344,-0.5234,0.432451656,-2.931932569,-3.5605,0.628567431
2591,s110f222y1,aryl,aryl,f,y,s110f222y1f.inp.out:,s110f222y1,-3.298840541,-3.2332,-0.065640541,-3.349101973,-2.5992,-0.749901973,6.334886216,6.5867,-0.251813784,-0.138979704,-0.7671,0.628120296,-6.145645079,-6.4537,0.308054921
2645,s113w119f1,aryl,aryl,w,f,s113w119f1f.inp.out:,s113w119f1,8.095113762,-1.8646,9.959713762,8.415301284,-0.9659,9.381201284,4.874424895,4.8448,0.029624895,-0.550206684,-0.5738,0.023593316,-4.644405796,-5.1698,0.525394204
2678,s117f125y1,aryl,aryl,f,y,s117f125y1f.inp.out:,s117f125y1,5.024361627,-2.0124,7.036761627,6.090461098,-1.2406,7.331061098,2.717085793,3.0088,-0.291714207,-0.240409118,-0.3495,0.109090882,-3.542776146,-3.4311,-0.111676146
2729,s120y141f1,aryl,aryl,y,f,s120y141f1f.inp.out:,s120y141f1,-1.080882241,-0.8942,-0.186682241,-0.851056601,-0.7641,-0.086956601,1.801162446,2.228,-0.426837554,-0.04375294,-0.225,0.18124706,-1.987235147,-2.1331,0.145864853
2732,s121f219w1,aryl,aryl,f,w,s121f219w1f.inp.out:,s121f219w1,2.433589827,-1.4389,3.872489827,2.049159106,-1.5656,3.614759106,3.172870481,3.5383,-0.365429519,-0.271312677,-0.4378,0.166487323,-2.517127145,-2.9738,0.456672855
2773,s126f171y1,aryl,aryl,f,y,s126f171y1f.inp.out:,s126f171y1,-8.148432562,-2.6892,-5.459232562,-8.122701925,-2.2144,-5.908301925,4.326403229,4.2906,0.035803229,-0.731036873,-0.5281,-0.202936873,-3.621096931,-4.2373,0.616203069
2774,s126f176y1,aryl,aryl,f,y,s126f176y1f.inp.out:,s126f176y1,-2.496636007,-2.7301,0.233463993,-2.465610713,-2.033,-0.432610713,4.684261522,4.8947,-0.210438478,-0.412858229,-0.6818,0.268941771,-4.302428587,-4.9101,0.607671413
2793,s127f183y1,aryl,aryl,f,y,s127f183y1f.inp.out:,s127f183y1,3.141296626,-2.1114,5.252696626,4.484607211,-1.2212,5.705807211,2.881730812,3.0149,-0.133169188,-1.243528673,-0.4166,-0.826928673,-2.981512787,-3.4884,0.506887213
2796,s127f239f1,aryl,aryl,f,f,s127f239f1f.inp.out:,s127f239f1,-12.54837227,-3.189,-9.35937227,-11.16708413,-1.6696,-9.49748413,3.218809317,3.1909,0.027909317,-0.710624172,-0.4643,-0.246324172,-3.889473222,-4.246,0.356526778
2821,s129y136y2,aryl,aryl,y,y,s129y136y2f.inp.out:,s129y136y2,-43.63292548,-3.4651,-40.16782548,-41.78484869,-2.6691,-39.11574869,5.883498797,5.9663,-0.082801203,-2.54168304,-0.8479,-1.69378304,-5.189892613,-5.9144,0.724507387
2866,s133w277y1,aryl,aryl,w,y,s133w277y1f.inp.out:,s133w277y1,1.326952288,1.6399,-0.312947712,-6.262282144,-3.5732,-2.689082144,13.30544725,12.8448,0.46064725,-0.528670507,-1.3388,0.810129493,-5.187542375,-6.2929,1.105357625
2871,s135f147y1,aryl,aryl,f,y,s135f147y1f.inp.out:,s135f147y1,-21.63473196,-3.2699,-18.36483196,-21.31059577,-2.8791,-18.43149577,7.219721267,7.1624,0.057321267,-1.484343469,-0.7707,-0.713643469,-6.05951399,-6.7825,0.72298601
2888,s136f146w1,aryl,aryl,f,w,s136f146w1f.inp.out:,s136f146w1,17.78273706,-2.0911,19.87383706,15.86819044,-3.0804,18.94859044,8.828931338,8.8485,-0.019568662,-0.766222555,-1.0579,0.291677445,-6.14816217,-6.8012,0.65303783
2901,s138f153f1,aryl,aryl,f,f,s138f153f1f.inp.out:,s138f153f1,-0.933649783,-2.684,1.750350217,-0.211607935,-1.4254,1.213792065,2.611162852,2.7945,-0.183337148,-0.157276349,-0.4348,0.277523651,-3.175928351,-3.6183,0.442371649
2907,s138w146f1,aryl,aryl,w,f,s138w146f1f.inp.out:,s138w146f1,13.69219564,-4.5498,18.24199564,16.00807218,-1.8155,17.82357218,3.465905325,3.3593,0.106605325,-0.812953546,-0.7065,-0.106453546,-4.968828254,-5.387,0.418171746
2919,s141f152f1,aryl,aryl,f,f,s141f152f1f.inp.out:,s141f152f1,0.878032952,-2.3726,3.250632952,0.2950254,-1.9497,2.2447254,4.451323544,4.4239,0.027423544,-0.159011512,-0.5142,0.355188488,-3.709304418,-4.3325,0.623195582
2931,s142y148y1,aryl,aryl,y,y,s142y148y1f.inp.out:,s142y148y1,7.09454832,-4.0381,11.13264832,10.59011952,-1.6322,12.22231952,4.915209634,4.6727,0.242509634,-2.501043379,-0.6445,-1.856543379,-5.909737458,-6.4342,0.524462542
2933,s142y160f1,aryl,aryl,y,f,s142y160f1f.inp.out:,s142y160f1,-17.44594375,-4.0822,-13.36374375,-17.72327008,-4.0458,-13.67747008,8.808046695,8.8512,-0.043153305,-1.680848608,-1.1234,-0.557448608,-6.849871763,-7.7641,0.914228237
2956,s146f149f1,aryl,aryl,f,f,s146f149f1f.inp.out:,s146f149f1,0.983134558,-2.807,3.790134558,2.563363416,-1.2049,3.768263416,2.31868529,2.3759,-0.05721471,-0.653491803,-0.3767,-0.276791803,-3.245422282,-3.6014,0.355977718
2959,s146f164w1,aryl,aryl,f,w,s146f164w1f.inp.out:,s146f164w1,-2.997232792,-0.9271,-2.070132792,-2.643332957,-0.7818,-1.861532957,1.888640464,2.257,-0.368359536,-0.632082444,-0.2724,-0.359682444,-1.610457792,-2.1298,0.519342208
2960,s146f165f1,aryl,aryl,f,f,s146f165f1f.inp.out:,s146f165f1,-2.097780755,-0.7994,-1.298380755,-1.541306476,-0.452,-1.089306476,2.276113431,2.4409,-0.164786569,-0.711116446,-0.2671,-0.444016446,-2.121471327,-2.5212,0.399728673
2968,s147f159f1,aryl,aryl,f,f,s147f159f1f.inp.out:,s147f159f1,-3.831063639,-2.8085,-1.022563639,-4.259911133,-2.5262,-1.733711133,5.275814557,5.2371,0.038714557,-0.714785062,-0.7227,0.007914938,-4.132182002,-4.7967,0.664517998
2969,s147f182f1,aryl,aryl,f,f,s147f182f1f.inp.out:,s147f182f1,-4.753634408,-1.8244,-2.929234408,-4.57366427,-1.4632,-3.11046427,2.821403715,2.8787,-0.057296285,-0.651886784,-0.3487,-0.303186784,-2.349487069,-2.8912,0.541712931
2974,s148f165y1,aryl,aryl,f,y,s148f165y1f.inp.out:,s148f165y1,-35.7132301,-3.582,-32.1312301,-33.41184436,-1.9097,-31.50214436,3.507085201,3.5177,-0.010614799,-1.657834293,-0.5729,-1.084934293,-4.150636651,-4.6171,0.466463349
2981,s149f164f1,aryl,aryl,f,f,s149f164f1f.inp.out:,s149f164f1,-3.827155758,-0.8516,-2.975555758,-3.927307205,-0.5871,-3.340207205,1.737079448,2.0811,-0.344020552,-0.017935268,-0.2476,0.229664732,-1.618992733,-2.098,0.479007267
2982,s149f165f1,aryl,aryl,f,f,s149f165f1f.inp.out:,s149f165f1,-4.832573657,-1.7843,-3.048273657,-4.722855658,-0.9116,-3.811255658,2.461033477,2.1256,0.335433477,-0.309314893,-0.2517,-0.057614893,-2.261436645,-2.7467,0.485263355
2992,s149y153f1,aryl,aryl,y,f,s149y153f1f.inp.out:,s149y153f1,4.942124175,-2.7663,7.708424175,4.317726033,-2.4158,6.733526033,5.460108797,5.5775,-0.117391203,-0.146797601,-0.6447,0.497902399,-4.688913116,-5.2833,0.594386884
3024,s155f197y1,aryl,aryl,f,y,s155f197y1f.inp.out:,s155f197y1,-2.075509274,-1.4634,-0.612109274,-1.675375177,-0.7398,-0.935575177,1.763520102,1.722,0.041520102,-0.1960342,-0.2596,0.0635658,-1.967619999,-2.186,0.218380001
3025,s155f277y1,aryl,aryl,f,y,s155f277y1f.inp.out:,s155f277y1,11.48439588,-3.1336,14.61799588,11.12104288,-2.4883,13.60934288,5.019692337,5.3319,-0.312207663,-0.166271499,-0.7616,0.595328501,-4.490067842,-5.2156,0.725532158
3086,s163y178y1,aryl,aryl,y,y,s163y178y1f.inp.out:,s163y178y1,6.835907441,-2.5543,9.390207441,6.386768857,-2.9804,9.367168857,7.082879017,7.8405,-0.757620983,-0.893044195,-0.9129,0.019855805,-5.740696237,-6.5015,0.760803763
3107,s167f170w1,aryl,aryl,f,w,s167f170w1f.inp.out:,s167f170w1,-0.547134569,-2.8351,2.287965431,0.416817816,-2.0092,2.426017816,4.294254459,4.3869,-0.092645541,-1.178035996,-0.5666,-0.611435996,-4.080170723,-4.6462,0.566029277
3171,s179y250f1,aryl,aryl,y,f,s179y250f1f.inp.out:,s179y250f1,-9.43748134,-3.2012,-6.23628134,-10.80750228,-3.5047,-7.30280228,7.339930501,7.9448,-0.604869499,-1.43318239,-2.3326,0.89941761,-4.536727173,-5.3087,0.771972827
3172,s179y258w1,aryl,aryl,y,w,s179y258w1f.inp.out:,s179y258w1,0.13195001,-4.7421,4.87405001,0.81303487,-3.0637,3.87673487,5.962779531,5.8022,0.160579531,-1.043334587,-0.9665,-0.076834587,-5.600529805,-6.5142,0.913670195
3201,s184f225w1,aryl,aryl,f,w,s184f225w1f.inp.out:,s184f225w1,4.337689381,-2.3342,6.671889381,2.890571157,-2.4919,5.382471157,6.090593312,5.6654,0.425193312,-0.790233215,-0.8665,0.076266785,-3.853241937,-4.6413,0.788058063
3204,s184f255w1,aryl,aryl,f,w,s184f255w1f.inp.out:,s184f255w1,-2.226352179,-1.5108,-0.715552179,-2.392398217,-1.2283,-1.164098217,2.426650556,2.5864,-0.159749444,-0.158244707,-0.3194,0.161155293,-2.102359811,-2.5494,0.447040189
3210,s185y220f1,aryl,aryl,y,f,s185y220f1f.inp.out:,s185y220f1,-0.830078963,-1.1969,0.366821037,-3.509514254,-2.5017,-1.007814254,8.902029127,8.7671,0.134929127,-0.795636617,-0.9888,0.193163383,-5.426957281,-6.4734,1.046442719
3229,s191w229w1,aryl,aryl,w,w,s191w229w1f.inp.out:,s191w229w1,8.039550331,-0.8743,8.913850331,9.135475755,0.1388,8.996675755,2.135122652,2.5109,-0.375777348,-0.482279934,-0.4527,-0.029579934,-2.748768143,-3.0713,0.322531857
3236,s194f198f1,aryl,aryl,f,f,s194f198f1f.inp.out:,s194f198f1,-2.878501195,-3.0381,0.159598805,-2.556769395,-2.0962,-0.460569395,5.930721435,5.6507,0.280021435,-0.934264482,-0.6417,-0.292564482,-5.31818869,-5.9509,0.63271131
3238,s194f217f1,aryl,aryl,f,f,s194f217f1f.inp.out:,s194f217f1,2.578569623,-1.4922,4.070769623,3.17866651,-0.5914,3.77006651,1.642325818,1.7416,-0.099274182,-0.188082646,-0.2337,0.045617354,-2.054340059,-2.4087,0.354359941
3241,s194f241y1,aryl,aryl,f,y,s194f241y1f.inp.out:,s194f241y1,-1.000462469,-2.7861,1.785637531,0.008483486,-1.2903,1.298783486,1.800393633,1.7428,0.057593633,-0.221642664,-0.3102,0.088557336,-2.587696925,-2.9284,0.340703075
3255,s198f205f1,aryl,aryl,f,f,s198f205f1f.inp.out:,s198f205f1,-2.041121897,-0.901,-1.140121897,-2.028769811,-1.0624,-0.966369811,2.946577352,3.7632,-0.816622648,-0.138980896,-0.4031,0.264119104,-2.819948605,-3.1987,0.378751395
3256,s198f217f1,aryl,aryl,f,f,s198f217f1f.inp.out:,s198f217f1,-0.505295944,-0.5415,0.036204056,-0.378192117,-0.5553,0.177107883,2.112831719,2.6103,-0.497468281,-0.052919836,-0.2367,0.183780164,-2.18701571,-2.3599,0.17288429
3265,s202y241y1,aryl,aryl,y,y,s202y241y1f.inp.out:,s202y241y1,3.564771213,-2.0102,5.574971213,2.618897166,-2.847,5.465897166,9.591256553,9.4567,0.134556553,-2.038491355,-1.0395,-0.998991355,-6.606891088,-7.5804,0.973508912
3275,s209y214f1,aryl,aryl,y,f,s209y214f1f.inp.out:,s209y214f1,-26.27164541,-1.7133,-24.55834541,-30.99972074,-4.4676,-26.53212074,11.58854437,10.4647,1.12384437,-1.339358716,-1.1774,-0.161958716,-5.521110331,-6.533,1.011889669
3277,s210y286y1,aryl,aryl,y,y,s210y286y1f.inp.out:,s210y286y1,4.671434041,-1.511,6.182434041,5.482297385,-0.6786,6.160897385,3.429971726,3.9224,-0.492428274,-0.251598698,-0.5967,0.345101302,-3.989236372,-4.1581,0.168863628
3285,s217f234y1,aryl,aryl,f,y,s217f234y1f.inp.out:,s217f234y1,3.113221962,-1.982,5.095221962,3.513603546,-1.1669,4.680503546,1.739460246,1.695,0.044460246,-0.127346607,-0.2635,0.136153393,-2.012495285,-2.2466,0.234104715
3287,s217f249w1,aryl,aryl,f,w,s217f249w1f.inp.out:,s217f249w1,3.9300357,-2.6474,6.5774357,4.030179869,-1.6954,5.725579869,5.01221511,4.7673,0.24491511,-0.727922904,-0.6846,-0.043322904,-4.384436311,-5.0347,0.650263689
