126,s005f031y1,aryl,aryl,f,y,s005f031y1,s005f031y1a.xyz.efp,-0.534259775,-1.0001,0.465840225,0.177287889,-0.1812,0.358487889,1.471211212,1.5718,-0.100588788,-0.142154227,-0.2645,0.122345773,-2.040604712,-2.1262,0.085595288
127,s005f037f1,aryl,aryl,f,f,s005f037f1,s005f037f1a.xyz.efp,-0.685274176,-1.3744,0.689125824,-0.403902298,-0.9992,0.595297702,2.513280947,2.7981,-0.284819053,-0.121653237,-0.3653,0.243646763,-2.672999651,-2.8081,0.135100349
128,s005f043y1,aryl,aryl,f,y,s005f043y1,s005f043y1a.xyz.efp,-1.225667073,-1.9737,0.748032927,-0.595079083,-1.2169,0.621820917,2.690289598,2.9843,-0.294010402,-0.129487574,-0.3936,0.264112426,-3.191390014,-3.3475,0.156109986
130,s005f050w1,aryl,aryl,f,w,s005f050w1,s005f050w1a.xyz.efp,-2.25669193,-3.0576,0.80090807,-1.127252232,-1.8228,0.695547768,2.390590766,2.2984,0.092190766,-0.305633225,-0.432,0.126366775,-3.214397239,-3.1013,-0.113097239
162,s005y166y1,aryl,aryl,y,y,s005y166y1,s005y166y1a.xyz.efp,-8.958308096,-3.1268,-5.831508096,-6.826267472,-1.2752,-5.551067472,4.38415425,4.5321,-0.14794575,-0.222159786,-0.5705,0.348340214,-6.294035024,-5.8132,-0.480835024
172,s006f061f1,aryl,aryl,f,f,s006f061f1,s006f061f1a.xyz.efp,3.377087218,-3.5608,6.937887218,1.31141156,-4.1435,5.45491156,11.31146529,10.4319,0.87956529,-0.39059045,-1.1021,0.71150955,-8.855199178,-8.7471,-0.108099178
188,s006w026y1,aryl,aryl,w,y,s006w026y1,s006w026y1a.xyz.efp,-2.458021791,-1.1454,-1.312621791,-2.25331303,-1.0669,-1.18641303,3.099443129,3.4415,-0.342056871,-0.08287198,-0.3459,0.26302802,-3.22127991,-3.1741,-0.04717991
200,s007f021f1,aryl,aryl,f,f,s007f021f1,s007f021f1a.xyz.efp,-1.599633919,-2.8883,1.288666081,-0.79370969,-1.7604,0.96669031,3.609474439,3.5814,0.028074439,-0.245801602,-0.5443,0.298498398,-4.169597066,-4.165,-0.004597066
204,s007f035f1,aryl,aryl,f,f,s007f035f1,s007f035f1a.xyz.efp,-0.339960236,-1.1406,0.800639764,-0.772914528,-1.5544,0.781485472,3.014247203,3.365,-0.350752797,-0.118422051,-0.362,0.243577949,-2.462870922,-2.5891,0.126229078
207,s007f111f1,aryl,aryl,f,f,s007f111f1,s007f111f1a.xyz.efp,-0.14795879,-0.7911,0.64314121,-0.4518502,-1.0776,0.6257498,2.74789849,3.2194,-0.47150151,-0.101857181,-0.3646,0.262742819,-2.3421499,-2.5683,0.2261501
241,s007y053y1,aryl,aryl,y,y,s007y053y1,s007y053y1a.xyz.efp,-0.49762438,-1.936,1.43837562,-0.1131946,-1.2,1.0868054,3.076928931,3.2965,-0.219571069,-0.140091634,-0.4603,0.320208366,-3.321267015,-3.5721,0.250832985
279,s008w035f1,aryl,aryl,w,f,s008w035f1,s008w035f1a.xyz.efp,-2.096886567,-3.4374,1.340513433,-1.17483242,-2.1475,0.97266758,3.816025853,3.9873,-0.171274147,-0.283146449,-0.6119,0.328753551,-4.454933489,-4.6652,0.210266511
280,s008w250f1,aryl,aryl,w,f,s008w250f1,s008w250f1a.xyz.efp,-1.698152674,-3.3041,1.605947326,-1.000443016,-2.4976,1.497156984,4.669757926,4.6447,0.025057926,-0.291320264,-0.6327,0.341379736,-5.07614732,-4.8185,-0.25764732
282,s008y052y1,aryl,aryl,y,y,s008y052y1,s008y052y1a.xyz.efp,-1.37006775,-1.5433,0.17323225,-1.064665257,-1.0491,-0.015565257,2.722519065,3.0052,-0.282680935,-0.104927099,-0.3832,0.278272901,-2.922994396,-3.1162,0.193205604
325,s009y053y1,aryl,aryl,y,y,s009y053y1,s009y053y1a.xyz.efp,-0.22858934,-2.5728,2.34421066,0.539017417,-1.4447,1.983717417,3.732519533,3.8388,-0.106280467,-0.200079191,-0.5653,0.365220809,-4.300047162,-4.4016,0.101552838
327,s009y121y1,aryl,aryl,y,y,s009y121y1,s009y121y1a.xyz.efp,-7.644631512,-4.0297,-3.614931512,-4.827512493,-1.4727,-3.354812493,4.113649981,4.4406,-0.326950019,-0.186770857,-0.5552,0.368429143,-6.743998206,-6.4424,-0.301598206
330,s009y303w1,aryl,aryl,y,w,s009y303w1,s009y303w1a.xyz.efp,0.72220481,-2.3704,3.09260481,0.62858181,-2.1344,2.76298181,5.703354403,5.8033,-0.099945597,-0.168164855,-0.6329,0.464735145,-5.441566548,-5.4064,-0.035166548
355,s010w032f1,aryl,aryl,w,f,s010w032f1,s010w032f1a.xyz.efp,-1.703580925,-2.8009,1.097319075,-0.821251418,-1.8486,1.027348582,3.729040234,3.8073,-0.078259766,-0.158302563,-0.4368,0.278497437,-4.453067116,-4.3228,-0.130267116
358,s010w052y1,aryl,aryl,w,y,s010w052y1,s010w052y1a.xyz.efp,-0.555096917,-0.9328,0.377703083,-0.473272799,-0.9731,0.499827201,2.599151435,3.0837,-0.484548565,-0.110500617,-0.3738,0.263299383,-2.570474936,-2.6696,0.099125064
359,s010w058f1,aryl,aryl,w,f,s010w058f1,s010w058f1a.xyz.efp,-0.651527728,-1.6501,0.998572272,-0.662827874,-1.2813,0.618472126,2.409147008,2.5367,-0.127552992,-0.134653092,-0.353,0.218346908,-2.263193771,-2.5526,0.289406229
364,s010y052y1,aryl,aryl,y,y,s010y052y1,s010y052y1a.xyz.efp,-1.122424812,-3.0899,1.967475188,-1.043237952,-2.4143,1.371062048,5.478222463,5.3975,0.080722463,-0.268314357,-0.7344,0.466085643,-5.289095092,-5.3387,0.049604908
365,s010y163y1,aryl,aryl,y,y,s010y163y1,s010y163y1a.xyz.efp,-0.164334908,-0.8496,0.685265092,0.658629397,0.1616,0.497029397,2.312702705,2.4745,-0.161797295,-0.112482575,-0.3011,0.188617425,-3.023184435,-3.1847,0.161515565
372,s011f044y1,aryl,aryl,f,y,s011f044y1,s011f044y1a.xyz.efp,-0.172557166,-0.7644,0.591842834,0.076890085,-0.3712,0.448090085,2.192448793,2.4008,-0.208351207,-0.086874802,-0.2822,0.195325198,-2.355021242,-2.5118,0.156778758
415,s012f026f1,aryl,aryl,f,f,s012f026f1,s012f026f1a.xyz.efp,-1.578852687,-3.0102,1.431347313,-0.877098604,-1.945,1.067901396,4.02660293,3.9539,0.07270293,-0.279134716,-0.5916,0.312465284,-4.449222298,-4.4274,-0.021822298
416,s012f040f1,aryl,aryl,f,f,s012f040f1,s012f040f1a.xyz.efp,-0.958837696,-1.4057,0.446862304,-0.42643714,-0.8445,0.41806286,1.465650056,1.6294,-0.163749944,-0.074444467,-0.1973,0.122855533,-1.923606082,-1.9933,0.069693918
417,s012f116f1,aryl,aryl,f,f,s012f116f1,s012f116f1a.xyz.efp,-0.074121179,-1.0887,1.014578821,-0.638582403,-1.4898,0.851217597,3.451676073,3.8179,-0.366223927,-0.127133194,-0.4243,0.297166806,-2.760081591,-2.9925,0.232418409
464,s013f060y1,aryl,aryl,f,y,s013f060y1,s013f060y1a.xyz.efp,-4.262138946,-2.1094,-2.152738946,-2.836257769,-0.8509,-1.985357769,1.53994706,1.7609,-0.22095294,-0.09116891,-0.2438,0.15263109,-2.874659326,-2.7756,-0.099059326
519,s014y021f1,aryl,aryl,y,f,s014y021f1,s014y021f1a.xyz.efp,-0.574295718,-1.3872,0.812904282,-0.37010816,-0.8472,0.47709184,2.243540659,2.4121,-0.168559341,-0.10066606,-0.3303,0.22963394,-2.347062095,-2.6218,0.274737905
522,s014y082f1,aryl,aryl,y,f,s014y082f1,s014y082f1a.xyz.efp,-1.734261345,-2.785,1.050738655,-0.661491361,-1.6166,0.955108639,3.4704264,3.6693,-0.1988736,-0.212144698,-0.5186,0.306455302,-4.331051749,-4.3192,-0.011851749
558,s015w096y1,aryl,aryl,w,y,s015w096y1,s015w096y1a.xyz.efp,-2.605649762,-4.1209,1.515250238,-1.292962119,-2.8162,1.523237881,4.78205884,4.9555,-0.17344116,-0.367894716,-0.6868,0.318905284,-5.726851768,-5.5734,-0.153451768
564,s016f176f1,aryl,aryl,f,f,s016f176f1,s016f176f1a.xyz.efp,-0.15131102,-2.9319,2.78058898,-1.41159752,-3.0668,1.65520248,7.354835509,6.6767,0.678135509,-0.450119179,-0.9202,0.470080821,-5.644429831,-5.6216,-0.022829831
594,s017f025y1,aryl,aryl,f,y,s017f025y1,s017f025y1a.xyz.efp,-1.253370194,-1.6806,0.427229806,-0.452742819,-0.7944,0.341657181,1.192280434,1.2698,-0.077519566,-0.077560506,-0.1686,0.091039494,-1.915347303,-1.9874,0.072052697
596,s017f081f1,aryl,aryl,f,f,s017f081f1,s017f081f1a.xyz.efp,-1.201429823,-2.4983,1.296870177,-1.067695015,-2.1359,1.068204985,4.568055926,4.6417,-0.073644074,-0.294363325,-0.5984,0.304036675,-4.407427347,-4.4057,-0.001727347
675,s019y050w1,aryl,aryl,y,w,s019y050w1,s019y050w1a.xyz.efp,0.534571894,-3.8765,4.411071894,2.517306359,-1.8734,4.390706359,6.870545127,7.0264,-0.155854873,-0.368861945,-0.8569,0.488038055,-8.484417586,-8.1726,-0.311817586
677,s020f135f1,aryl,aryl,f,f,s020f135f1,s020f135f1a.xyz.efp,-0.831522652,-2.3961,1.564577348,-0.890306162,-1.7323,0.841993838,3.901417873,3.6027,0.298717873,-0.264878229,-0.5898,0.324921771,-3.577756134,-3.6767,0.098943866
707,s021f072f1,aryl,aryl,f,f,s021f072f1,s021f072f1a.xyz.efp,-2.177124114,-2.9051,0.727975886,-0.716914169,-1.3862,0.669285831,2.349670299,2.4538,-0.104129701,-0.225180948,-0.4067,0.181519052,-3.584699296,-3.566,-0.018699296
711,s021f082f1,aryl,aryl,f,f,s021f082f1,s021f082f1a.xyz.efp,-1.272155411,-2.842,1.569844589,-1.030686446,-2.2768,1.246113554,4.937202505,4.7338,0.203402505,-0.331668827,-0.6334,0.301731173,-4.847002705,-4.6656,-0.181402705
739,s021y088f1,aryl,aryl,y,f,s021y088f1,s021y088f1a.xyz.efp,1.191783391,-2.27,3.461783391,1.548150932,-1.5497,3.097850932,4.022807434,4.1921,-0.169292566,-0.179660592,-0.5751,0.395439408,-4.199514383,-4.3373,0.137785617
742,s022f039w1,aryl,aryl,f,w,s022f039w1,s022f039w1a.xyz.efp,-0.867704553,-1.864,0.996295447,-0.490409259,-1.0577,0.567290741,3.019026369,2.8132,0.205826369,-0.142601509,-0.4063,0.263698491,-3.253720091,-3.2131,-0.040620091
744,s022f041f1,aryl,aryl,f,f,s022f041f1,s022f041f1a.xyz.efp,-1.037485847,-1.6596,0.622114153,-0.538734666,-1.0587,0.519965334,1.928860641,2.14,-0.211139359,-0.094120419,-0.2602,0.166079581,-2.333491404,-2.4806,0.147108596
750,s022f168y1,aryl,aryl,f,y,s022f168y1,s022f168y1a.xyz.efp,-1.515156417,-2.8089,1.293743583,-1.153219061,-2.2414,1.088180939,4.307128186,4.3486,-0.041471814,-0.251473323,-0.598,0.346526677,-4.417592219,-4.3181,-0.099492219
772,s022w039y1,aryl,aryl,w,y,s022w039y1,s022w039y1a.xyz.efp,-0.945628507,-1.8,0.854371493,-0.421514717,-0.9555,0.533985283,2.575211118,2.7218,-0.146588882,-0.116630978,-0.3619,0.245269022,-2.98269393,-3.2045,0.22180607
773,s022w040w1,aryl,aryl,w,w,s022w040w1,s022w040w1a.xyz.efp,-1.549576612,-2.5034,0.953823388,-0.538373665,-1.0488,0.510426335,2.022798584,1.9806,0.042198584,-0.153609741,-0.3329,0.179290259,-2.880391915,-3.1023,0.221908085
800,s023y031y1,aryl,aryl,y,y,s023y031y1,s023y031y1a.xyz.efp,-1.92749746,-3.7838,1.85630254,0.160533953,-1.7802,1.940733953,5.518108684,5.4584,0.059708684,-0.269747127,-0.6166,0.346852873,-7.336393033,-6.8455,-0.490893033
810,s024f099w1,aryl,aryl,f,w,s024f099w1,s024f099w1a.xyz.efp,-2.751338571,-3.2462,0.494861429,-0.871933652,-1.564,0.692066348,2.17337455,2.2234,-0.05002545,-0.397151151,-0.4989,0.101748849,-3.655628256,-3.4067,-0.248928256
876,s025w146f1,aryl,aryl,w,f,s025w146f1,s025w146f1a.xyz.efp,-3.729149168,-4.7596,1.030450832,-1.647406247,-3.3202,1.672793753,8.09576222,8.3078,-0.21203778,-0.371715062,-0.9203,0.548584938,-9.80579008,-8.827,-0.97879008
879,s025y081f1,aryl,aryl,y,f,s025y081f1,s025y081f1a.xyz.efp,-1.089393024,-1.6518,0.562406976,-0.77675715,-1.3886,0.61184285,2.760509923,3.2656,-0.505090077,-0.113621802,-0.3521,0.238478198,-2.959523995,-3.1767,0.217176005
886,s026f030w1,aryl,aryl,f,w,s026f030w1,s026f030w1a.xyz.efp,-1.153742961,-1.8988,0.745057039,-0.522031181,-0.9801,0.458068819,1.752052727,1.8035,-0.051447273,-0.081635554,-0.2366,0.154964446,-2.302128954,-2.4856,0.183471046
887,s026f036f1,aryl,aryl,f,f,s026f036f1,s026f036f1a.xyz.efp,-1.190007378,-1.5083,0.318292622,-0.443007909,-0.9151,0.472092091,2.00724311,2.3471,-0.33985689,-0.088757302,-0.2765,0.187742698,-2.665485276,-2.6639,-0.001585276
910,s026y069y1,aryl,aryl,y,y,s026y069y1,s026y069y1a.xyz.efp,-1.791877831,-2.6578,0.865922169,0.157447343,-1.4017,1.559147343,4.149140691,4.3785,-0.229359309,-0.301418872,-0.5605,0.259081128,-5.797047055,-5.0741,-0.722947055
971,s029f101w1,aryl,aryl,f,w,s029f101w1,s029f101w1a.xyz.efp,0.538495526,-1.4684,2.006895526,-0.902777536,-2.3098,1.407022464,5.196303969,5.2603,-0.063996031,-0.227046129,-0.5833,0.356253871,-3.527984716,-3.8356,0.307615284
973,s029f168y1,aryl,aryl,f,y,s029f168y1,s029f168y1a.xyz.efp,-1.389252809,-1.9588,0.569547191,-0.396597256,-0.8798,0.483202744,1.956171763,2.2373,-0.281128237,-0.125530057,-0.3264,0.200869943,-2.823297259,-2.99,0.166702741
993,s029w315f1,aryl,aryl,w,f,s029w315f1,s029w315f1a.xyz.efp,-0.766450651,-1.949,1.182549349,-0.791640446,-1.631,0.839359554,3.012473637,3.142,-0.129526363,-0.127615805,-0.3672,0.239584195,-2.859667975,-3.0927,0.233032025
1025,s030w036f1,aryl,aryl,w,f,s030w036f1,s030w036f1a.xyz.efp,-1.559669636,-3.6227,2.063030364,-1.243949725,-3.2955,2.051550275,7.146180024,7.3591,-0.212919976,-0.431480672,-0.9063,0.474819328,-7.030419264,-6.7799,-0.250519264
1028,s030w073f1,aryl,aryl,w,f,s030w073f1,s030w073f1a.xyz.efp,-0.262463798,-0.7025,0.440036202,-0.037859271,-0.4162,0.378340729,2.091208634,2.5155,-0.424291366,-0.078053282,-0.2969,0.218846718,-2.237759878,-2.505,0.267240122
1030,s030w103f1,aryl,aryl,w,f,s030w103f1,s030w103f1a.xyz.efp,-1.961745093,-3.8387,1.876954907,-1.178348491,-2.797,1.618651509,5.149911576,4.8809,0.269011576,-0.48346729,-0.7818,0.29833271,-5.449840951,-5.1408,-0.309040951
1043,s031f092w2,aryl,aryl,f,w,s031f092w2,s031f092w2a.xyz.efp,0.873316976,-2.8955,3.768816976,-1.857987026,-4.6431,2.785112974,12.27011862,11.8454,0.42471862,-0.457086499,-1.4176,0.960513501,-9.081728121,-8.6801,-0.401628121
1044,s031f095y1,aryl,aryl,f,y,s031f095y1,s031f095y1a.xyz.efp,0.831389559,-2.4337,3.265089559,1.166882936,-1.8159,2.982782936,3.55310009,3.6106,-0.05749991,-0.173060045,-0.4833,0.310239955,-3.715533422,-3.7451,0.029566578
1069,s031y037f2,aryl,aryl,y,f,s031y037f2,s031y037f2a.xyz.efp,-0.853804173,-3.119,2.265195827,-1.242678787,-2.6429,1.400221213,6.001617577,5.6176,0.384017577,-0.374348867,-0.8156,0.441251133,-5.238394033,-5.2782,0.039805967
1097,s032w073f1,aryl,aryl,w,f,s032w073f1,s032w073f1a.xyz.efp,-0.046409586,-3.4192,3.372790414,-0.077306494,-2.3896,2.312293506,7.296556383,6.7796,0.516956383,-0.318607666,-0.8263,0.507692334,-6.947051684,-6.9829,0.035848316
1105,s033f058f1,aryl,aryl,f,f,s033f058f1,s033f058f1a.xyz.efp,-0.643947089,-0.7643,0.120352911,0.038556926,-0.3028,0.341356926,1.55780138,1.8283,-0.27049862,-0.047364579,-0.1994,0.152035421,-2.192940816,-2.0904,-0.102540816
1130,s034f045w1,aryl,aryl,f,w,s034f045w1,s034f045w1a.xyz.efp,-3.98162304,-5.1674,1.18577696,-2.238234394,-3.3277,1.089465606,6.511260088,6.4985,0.012760088,-0.505549266,-0.9472,0.441650734,-7.749099469,-7.391,-0.358099469
1157,s034w037w1,aryl,aryl,w,w,s034w037w1,s034w037w1a.xyz.efp,-1.7231871,-3.1478,1.4246129,0.699549048,-0.5851,1.284649048,3.455120859,3.5895,-0.134379141,-0.214676974,-0.4957,0.281023026,-5.663180033,-5.6566,-0.006580033
1165,s035f047y1,aryl,aryl,f,y,s035f047y1,s035f047y1a.xyz.efp,-1.707773566,-2.4938,0.786026434,-0.693178041,-1.6429,0.949721959,3.133221893,3.2386,-0.105378107,-0.266535896,-0.5184,0.251864104,-3.881281523,-3.5711,-0.310181523
1181,s035w058f1,aryl,aryl,w,f,s035w058f1,s035w058f1a.xyz.efp,-1.629906087,-4.5997,2.969793913,-1.927967646,-4.1088,2.180832354,8.452988997,8.1017,0.351288997,-0.625749087,-1.2077,0.581950913,-7.529178414,-7.3849,-0.144278414
1193,s036f303w1,aryl,aryl,f,w,s036f303w1,s036f303w1a.xyz.efp,-0.954853447,-1.5578,0.602946553,-0.516328021,-1.0069,0.490571979,1.725812246,1.945,-0.219187754,-0.077968883,-0.2369,0.158931117,-2.086368789,-2.2591,0.172731211
1217,s036w047f1,aryl,aryl,w,f,s036w047f1,s036w047f1a.xyz.efp,-0.412464347,-0.7606,0.348135653,0.014496254,-0.3821,0.396596254,2.06900875,2.4787,-0.40969125,-0.061173406,-0.3078,0.246626594,-2.434795882,-2.5494,0.114604118
1244,s038f042f1,aryl,aryl,f,f,s038f042f1,s038f042f1a.xyz.efp,-1.86299661,-3.2943,1.43130339,-0.470709085,-1.6792,1.208490915,4.022113419,3.9907,0.031413419,-0.25076155,-0.5543,0.30353845,-5.163639394,-5.0515,-0.112139394
1247,s038f049f1,aryl,aryl,f,f,s038f049f1,s038f049f1a.xyz.efp,-0.33551283,-1.2582,0.92268717,0.059199354,-0.8295,0.888699354,2.845677172,3.0611,-0.215422828,-0.103507192,-0.3671,0.263592808,-3.136882226,-3.1227,-0.014182226
1270,s038w063w1,aryl,aryl,w,w,s038w063w1,s038w063w1a.xyz.efp,-3.749542855,-5.175,1.425457145,0.53826561,-2.1168,2.65506561,7.147199775,7.7036,-0.556400225,-0.865552479,-1.0647,0.199147521,-10.56945582,-9.697,-0.87245582
1272,s038w068y1,aryl,aryl,w,y,s038w068y1,s038w068y1a.xyz.efp,-0.857427295,-1.9813,1.123872705,-0.67627501,-1.4508,0.77452499,3.708114364,3.9352,-0.227085636,-0.143867929,-0.4542,0.310332071,-3.74539872,-4.0115,0.26610128
1275,s038w081y1,aryl,aryl,w,y,s038w081y1,s038w081y1a.xyz.efp,-0.87642354,-2.5687,1.69227646,-1.831498369,-3.258,1.426501631,9.275528359,9.785,-0.509471641,-1.130436732,-1.8641,0.733663268,-7.190016735,-7.2316,0.041583265
1278,s038y060y1,aryl,aryl,y,y,s038y060y1,s038y060y1a.xyz.efp,-1.221433143,-2.7859,1.564466857,-0.737389118,-2.0054,1.268010882,5.096088893,5.2502,-0.154111107,-0.26467128,-0.7071,0.44242872,-5.315461638,-5.3237,0.008238362
1309,s040f052y1,aryl,aryl,f,y,s040f052y1,s040f052y1a.xyz.efp,-1.558088524,-2.4645,0.906411476,-1.306077873,-2.2632,0.957122127,3.475423496,3.649,-0.173576504,-0.283018062,-0.566,0.282981938,-3.444416149,-3.2844,-0.160016149
1310,s040f116f1,aryl,aryl,f,f,s040f116f1,s040f116f1a.xyz.efp,-1.799306176,-2.3729,0.573593824,-0.684122965,-1.1352,0.451077035,1.704264461,1.7728,-0.068535539,-0.1674421,-0.3236,0.1561579,-2.652005572,-2.6869,0.034894428
1311,s040f133f1,aryl,aryl,f,f,s040f133f1,s040f133f1a.xyz.efp,-7.757001953,-2.8899,-4.867101953,-8.868825027,-3.0586,-5.810225027,6.61373818,6.4029,0.21083818,-0.28166787,-0.8009,0.51923213,-5.220247298,-5.4333,0.213052702
1331,s040y045y1,aryl,aryl,y,y,s040y045y1,s040y045y1a.xyz.efp,-1.908730692,-3.485,1.576269308,-1.063273462,-2.4986,1.435326538,5.032431026,5.1347,-0.102268974,-0.24435716,-0.6622,0.41784284,-5.63353116,-5.459,-0.17453116
1335,s040y082f1,aryl,aryl,y,f,s040y082f1,s040y082f1a.xyz.efp,-1.024038836,-0.4599,-0.564138836,-0.663255138,-0.9184,0.255144862,2.876208059,3.4234,-0.547191941,-0.028240889,-0.3229,0.294659111,-3.208750868,-2.6419,-0.566850868
1368,s042f049f1,aryl,aryl,f,f,s042f049f1,s042f049f1a.xyz.efp,0.199070108,-1.0962,1.295270108,0.949906927,-0.0013,0.951206927,3.559744374,3.44,0.119744374,-0.163072818,-0.3536,0.190527182,-4.147508375,-4.1813,0.033791625
1369,s042f054f1,aryl,aryl,f,f,s042f054f1,s042f054f1a.xyz.efp,0.679636967,-2.0405,2.720136967,-1.373318074,-2.7464,1.373081926,6.493217706,5.9475,0.545717706,-0.312765453,-0.8251,0.512334547,-4.127497275,-4.4165,0.289002725
1374,s042f077f1,aryl,aryl,f,f,s042f077f1,s042f077f1a.xyz.efp,-1.056186038,-1.6551,0.598913962,-0.525221704,-0.9177,0.392478296,1.495638093,1.581,-0.085361907,-0.079423679,-0.2193,0.139876321,-1.947178684,-2.0991,0.151921316
1375,s042f085f1,aryl,aryl,f,f,s042f085f1,s042f085f1a.xyz.efp,-1.395649921,-1.6846,0.288950079,-0.251443329,-0.6166,0.365156671,1.119726876,1.1442,-0.024473124,-0.060724556,-0.15,0.089275444,-2.203208975,-2.0622,-0.141008975
1380,s042f092y1,aryl,aryl,f,y,s042f092y1,s042f092y1a.xyz.efp,-2.066925011,-2.6862,0.619274989,-0.68040145,-1.3927,0.71229855,2.227164917,2.5157,-0.288535083,-0.142062486,-0.3545,0.212437514,-3.471625992,-3.4546,-0.017025992
1401,s043f065f1,aryl,aryl,f,f,s043f065f1,s043f065f1a.xyz.efp,-0.583785715,-1.6677,1.083914285,-0.705048395,-1.5692,0.864151605,3.119806132,3.3009,-0.181093868,-0.134370654,-0.3631,0.228729346,-2.864172797,-3.0364,0.172227203
1402,s043f068w1,aryl,aryl,f,w,s043f068w1,s043f068w1a.xyz.efp,-1.301761928,-1.8045,0.502738072,-0.37239979,-1.1313,0.75890021,2.342167219,2.7221,-0.379932781,-0.105281197,-0.3513,0.246018803,-3.16624816,-3.044,-0.12224816
1403,s043f073f1,aryl,aryl,f,f,s043f073f1,s043f073f1a.xyz.efp,0.928160915,-1.3526,2.280760915,-0.844661247,-2.099,1.254338753,5.661588881,5.3078,0.353788881,-0.231058803,-0.659,0.427941197,-3.657707854,-3.9024,0.244692146
1419,s043y186y1,aryl,aryl,y,y,s043y186y1,s043y186y1a.xyz.efp,-0.907279848,-2.3979,1.490620152,-0.551157221,-1.4421,0.890942779,3.978826147,3.8437,0.135126147,-0.265347097,-0.6311,0.365752903,-4.069601678,-4.1684,0.098798322
1440,s044w048y1,aryl,aryl,w,y,s044w048y1,s044w048y1a.xyz.efp,-2.182911421,-2.8769,0.693988579,-0.608318078,-1.2181,0.609781922,2.133078634,2.1505,-0.017421366,-0.230043383,-0.3985,0.168456617,-3.477628594,-3.4107,-0.066928594
1441,s044w085f1,aryl,aryl,w,f,s044w085f1,s044w085f1a.xyz.efp,-2.219664221,-4.7396,2.519935779,0.190222233,-2.5318,2.722022233,7.29902296,7.2594,0.03962296,-0.453062593,-0.8334,0.380337407,-9.255846821,-8.6339,-0.621946821
1442,s044w147y1,aryl,aryl,w,y,s044w147y1,s044w147y1a.xyz.efp,-0.709939946,-1.3158,0.605860054,-0.254894391,-0.7154,0.460505609,2.141568081,2.3178,-0.176231919,-0.126893489,-0.3409,0.214006511,-2.469720148,-2.5773,0.107579852
1452,s045f066f1,aryl,aryl,f,f,s045f066f1,s045f066f1a.xyz.efp,-0.981868326,-1.7094,0.727531674,-0.704724041,-1.3232,0.618475959,2.418803794,2.6682,-0.249396206,-0.101336356,-0.3227,0.221363644,-2.594611724,-2.7317,0.137088276
1480,s046f107f1,aryl,aryl,f,f,s046f107f1,s046f107f1a.xyz.efp,-2.143453029,-2.9191,0.775646971,-0.689040745,-1.475,0.785959255,2.815922251,2.8434,-0.027477749,-0.251452741,-0.4366,0.185147259,-4.018881794,-3.8509,-0.167981794
1483,s046f161y1,aryl,aryl,f,y,s046f161y1,s046f161y1a.xyz.efp,-1.355036803,-2.1889,0.833863197,0.264972354,-0.8971,1.162072354,2.282594188,2.4172,-0.134605812,-0.084655711,-0.3047,0.220044289,-3.817947572,-3.4043,-0.413647572
1507,s047w083y1,aryl,aryl,w,y,s047w083y1,s047w083y1a.xyz.efp,-0.275374987,-1.969,1.693625013,-0.710817568,-1.8458,1.134982432,4.103428885,4.1364,-0.032971115,-0.218349857,-0.5171,0.298750143,-3.449636447,-3.7426,0.292963553
1508,s047y052f1,aryl,aryl,y,f,s047y052f1,s047y052f1a.xyz.efp,-1.119692112,-0.7762,-0.343492112,-0.822327267,-0.4182,-0.404127267,2.590281848,2.934,-0.343718152,-0.082406249,-0.3485,0.266093751,-2.805240444,-2.9434,0.138159556
1511,s047y058y1,aryl,aryl,y,y,s047y058y1,s047y058y1a.xyz.efp,-2.048883131,-3.2956,1.246716869,-0.934478334,-1.8515,0.917021666,4.57282844,4.5367,0.03612844,-0.193246406,-0.5372,0.343953594,-5.493986831,-5.4437,-0.050286831
1514,s047y111f1,aryl,aryl,y,f,s047y111f1,s047y111f1a.xyz.efp,-0.774404339,-1.3812,0.606795661,0.158626102,-0.4822,0.640826102,2.512886688,2.7314,-0.218513312,-0.193341472,-0.4044,0.211058528,-3.252575656,-3.226,-0.026575656
1515,s047y136y1,aryl,aryl,y,y,s047y136y1,s047y136y1a.xyz.efp,3.18761786,3.7388,-0.55118214,3.621750598,2.8064,0.815350598,2.366286311,3.2355,-0.869213689,-0.512499644,-0.5823,0.069800356,-2.287919342,-1.7207,-0.567219342
1518,s048f058f1,aryl,aryl,f,f,s048f058f1,s048f058f1a.xyz.efp,-0.740939701,-1.7182,0.977260299,-0.627242098,-1.2743,0.647057902,2.471411323,2.5439,-0.072488677,-0.106290719,-0.3128,0.206509281,-2.47881827,-2.6749,0.19608173
1520,s048f105y1,aryl,aryl,f,y,s048f105y1,s048f105y1a.xyz.efp,-1.444993446,-1.8129,0.367906554,-0.436261343,-0.7687,0.332438657,1.41177711,1.5218,-0.11002289,-0.116805109,-0.2535,0.136694891,-2.303704104,-2.3125,0.008795896
1543,s049f056f1,aryl,aryl,f,f,s049f056f1,s049f056f1a.xyz.efp,-0.493789602,-1.6754,1.181610398,-0.827391757,-1.4592,0.631808243,3.036771253,3.0017,0.035071253,-0.170703343,-0.4624,0.291696657,-2.532465755,-2.7556,0.223134245
1560,s049y054f1,aryl,aryl,y,f,s049y054f1,s049y054f1a.xyz.efp,0.530924738,-1.0438,1.574724738,0.654807796,-1.0405,1.695307796,2.439042488,2.8805,-0.441457512,-0.062769578,-0.3132,0.250430422,-2.500155968,-2.5706,0.070444032
1567,s050f071f1,aryl,aryl,f,f,s050f071f1,s050f071f1a.xyz.efp,0.183265015,-1.2391,1.422365015,-0.970040516,-2.0056,1.035559484,4.606560769,4.9116,-0.305039231,-0.167565341,-0.5874,0.419834659,-3.285689898,-3.5577,0.272010102
1591,s051f175f1,aryl,aryl,f,f,s051f175f1,s051f175f1a.xyz.efp,0.696946429,-1.071,1.767946429,-0.692931119,-1.6392,0.946268881,4.633823762,4.5489,0.084923762,-0.190877782,-0.6023,0.411422218,-3.053068495,-3.3785,0.325431505
1607,s051w107f1,aryl,aryl,w,f,s051w107f1,s051w107f1a.xyz.efp,-0.121464297,-2.4017,2.280235703,-0.647150978,-2.1526,1.505449022,5.537882715,5.6035,-0.065617285,-0.220725008,-0.6829,0.462174992,-4.791470963,-5.1697,0.378229037
1610,s052f071f1,aryl,aryl,f,f,s052f071f1,s052f071f1a.xyz.efp,-1.790304249,-0.995,-0.795304249,-1.336905818,-0.6403,-0.696605818,2.280347989,2.6429,-0.362552011,-0.067784809,-0.2745,0.206715191,-2.665961611,-2.723,0.057038389
1613,s052f111f1,aryl,aryl,f,f,s052f111f1,s052f111f1a.xyz.efp,-0.416226586,-1.0243,0.608073414,-0.052209381,-0.5962,0.543990619,2.209846231,2.4934,-0.283553769,-0.086523716,-0.2788,0.192276284,-2.487339657,-2.6427,0.155360343
1632,s052y058f1,aryl,aryl,y,f,s052y058f1,s052y058f1a.xyz.efp,-1.466338423,-1.6417,0.175361577,-0.14804231,-0.4584,0.31035769,1.299370839,1.4836,-0.184229161,-0.10590945,-0.2256,0.11969055,-2.511757439,-2.4412,-0.070557439
1634,s052y116f1,aryl,aryl,y,f,s052y116f1,s052y116f1a.xyz.efp,-0.977395443,-1.7004,0.723004557,-0.120869803,-0.8361,0.715230197,2.813658545,3.0158,-0.202141455,-0.194082864,-0.432,0.237917136,-3.476101322,-3.4481,-0.028001322
1652,s053y092y1,aryl,aryl,y,y,s053y092y1,s053y092y1a.xyz.efp,-1.889009246,-2.5577,0.668690754,-1.383609074,-2.0419,0.658290926,2.611555667,2.759,-0.147444333,-0.247564563,-0.497,0.249435437,-2.869391275,-2.7779,-0.091491275
1691,s056f062f1,aryl,aryl,f,f,s056f062f1,s056f062f1a.xyz.efp,-0.929131281,-1.3105,0.381368719,-0.89610627,-1.2253,0.32919373,3.053254674,3.4749,-0.421645326,-0.123731517,-0.4214,0.297668483,-2.962548043,-3.1388,0.176251957
1692,s056f129f1,aryl,aryl,f,f,s056f129f1,s056f129f1a.xyz.efp,-0.945591924,-1.9508,1.005208076,-0.681747814,-1.2943,0.612552186,2.56787376,2.5756,-0.00772624,-0.150985913,-0.384,0.233014087,-2.680731957,-2.8481,0.167368043
1693,s056f152f1,aryl,aryl,f,f,s056f152f1,s056f152f1a.xyz.efp,-0.639657248,-1.1443,0.504642752,-0.340789414,-0.7252,0.384410586,1.722426507,1.9498,-0.227373493,-0.088011017,-0.262,0.173988983,-1.933283324,-2.1069,0.173616676
1703,s056y062y1,aryl,aryl,y,y,s056y062y1,s056y062y1a.xyz.efp,-6.33023939,-4.0992,-2.23103939,-3.692947877,-1.5197,-2.173247877,4.327840769,4.4569,-0.129059231,-0.278520079,-0.62,0.341479921,-6.686612202,-6.4164,-0.270212202
1710,s057f116f1,aryl,aryl,f,f,s057f116f1,s057f116f1a.xyz.efp,-0.632600195,-1.0206,0.387999805,0.049721971,-0.2676,0.317321971,1.339139216,1.4942,-0.155060784,-0.062882905,-0.1802,0.117317095,-1.958578539,-2.067,0.108421461
1721,s058f062y1,aryl,aryl,f,y,s058f062y1,s058f062y1a.xyz.efp,-1.972808984,-3.705,1.732191016,-1.371505415,-2.9369,1.565394585,6.372232506,6.3863,-0.014067494,-0.367787665,-0.8315,0.463712335,-6.605748348,-6.3229,-0.282848348
1722,s058f070w1,aryl,aryl,f,w,s058f070w1,s058f070w1a.xyz.efp,-3.165366899,-4.1281,0.962733101,-0.836776835,-2.1651,1.328323165,4.865317046,5.1909,-0.325582954,-0.36750918,-0.7561,0.38859082,-6.82639793,-6.3977,-0.42869793
1723,s058f081f1,aryl,aryl,f,f,s058f081f1,s058f081f1a.xyz.efp,-3.35502482,-2.3614,-0.99362482,-1.115621771,-0.6638,-0.451821771,1.613776765,1.8123,-0.198523235,-0.086904107,-0.2252,0.138295893,-3.766275645,-3.2847,-0.481575645
1748,s059f120w1,aryl,aryl,f,w,s059f120w1,s059f120w1a.xyz.efp,-0.321230616,-1.9526,1.631369384,-0.917583587,-1.8097,0.892116413,3.673010445,3.4736,0.199410445,-0.232997653,-0.5253,0.292302347,-2.843659822,-3.0912,0.247540178
1812,s062f120y1,aryl,aryl,f,y,s062f120y1,s062f120y1a.xyz.efp,-1.592836148,-1.7009,0.108063852,-0.423537275,-1.1743,0.750762725,2.710046059,3.223,-0.512953941,-0.236082568,-0.4281,0.192017432,-3.643262365,-3.3215,-0.321762365
1835,s062w164f1,aryl,aryl,w,f,s062w164f1,s062w164f1a.xyz.efp,-2.22034964,-4.9705,2.75015036,-1.378435337,-3.8104,2.431964663,7.834915428,7.9243,-0.089384572,-0.429635759,-1.0219,0.592264241,-8.247193909,-8.0625,-0.184693909
1837,s062y077f1,aryl,aryl,y,f,s062y077f1,s062y077f1a.xyz.efp,-0.939551609,-2.4089,1.469348391,-0.138870707,-1.2847,1.145829293,3.919519553,3.9761,-0.056580447,-0.176654804,-0.4948,0.318145196,-4.543545713,-4.6055,0.061954287
1841,s062y095w1,aryl,aryl,y,w,s062y095w1,s062y095w1a.xyz.efp,-1.000864634,-2.1165,1.115635366,-0.94283381,-1.7948,0.85196619,3.547857076,3.753,-0.205142924,-0.477877394,-0.7635,0.285622606,-3.128010506,-3.3112,0.183189494
1857,s063w081y1,aryl,aryl,w,y,s063w081y1,s063w081y1a.xyz.efp,4.202071822,1.5617,2.640371822,-0.524977921,-2.9257,2.400722079,12.19863583,13.0155,-0.81686417,-1.994987784,-2.7461,0.751112216,-5.476598367,-5.782,0.305401633
1860,s063w136f1,aryl,aryl,w,f,s063w136f1,s063w136f1a.xyz.efp,-0.776056421,-1.416,0.639943579,-0.282973447,-0.7149,0.431926553,1.828193075,2.02,-0.191806925,-0.088036242,-0.2577,0.169663758,-2.233239807,-2.4634,0.230160193
1873,s064y078f1,aryl,aryl,y,f,s064y078f1,s064y078f1a.xyz.efp,-1.483175441,-2.5217,1.038524559,-0.585872152,-1.4673,0.881427848,3.405745332,3.6163,-0.210554668,-0.185454111,-0.5027,0.317245889,-4.117594446,-4.1679,0.050305554
1876,s064y164f1,aryl,aryl,y,f,s064y164f1,s064y164f1a.xyz.efp,1.316574881,-2.845,4.161574881,1.106682092,-2.497,3.603682092,5.179607135,5.2281,-0.048492865,-0.204350332,-0.6641,0.459749668,-4.765364077,-4.912,0.146635923
1907,s066w109y1,aryl,aryl,w,y,s066w109y1,s066w109y1a.xyz.efp,-0.908656897,-1.7204,0.811743103,-0.53368624,-1.1441,0.61041376,2.636348819,2.8659,-0.229551181,-0.206408909,-0.4716,0.265191091,-2.80491063,-2.9706,0.16568937
1951,s069f080y1,aryl,aryl,f,y,s069f080y1,s069f080y1a.xyz.efp,-0.974489616,-2.1879,1.213410384,-0.77470466,-1.7489,0.97419534,4.111098253,4.1805,-0.069401747,-0.246717626,-0.5631,0.316382374,-4.064165582,-4.0565,-0.007665582
1952,s069f166y1,aryl,aryl,f,y,s069f166y1,s069f166y1a.xyz.efp,3.762611421,2.4512,1.311411421,1.504826512,0.8291,0.675726512,6.72620375,7.5331,-0.80689625,-1.232343485,-1.98,0.747656515,-3.236075356,-3.931,0.694924644
1966,s070f120y1,aryl,aryl,f,y,s070f120y1,s070f120y1a.xyz.efp,-1.382053251,-2.7956,1.413546749,-0.851106299,-1.81,0.958893701,3.567798713,3.5173,0.050498713,-0.195398919,-0.4701,0.274701081,-3.903346745,-4.0328,0.129453255
1989,s071w099w1,aryl,aryl,w,w,s071w099w1,s071w099w1a.xyz.efp,-4.137768383,-6.843,2.705231617,-3.902244039,-5.7725,1.870255961,11.25337303,9.9883,1.26507303,-2.464225256,-2.493,0.028774744,-9.024672119,-8.5658,-0.458872119
1991,s071w125f1,aryl,aryl,w,f,s071w125f1,s071w125f1a.xyz.efp,-0.71129817,-2.3483,1.63700183,-0.726936286,-1.7566,1.029663714,4.512924906,4.3753,0.137624906,-0.262790349,-0.6244,0.361609651,-4.234496504,-4.3425,0.108003496
1993,s071w166y1,aryl,aryl,w,y,s071w166y1,s071w166y1a.xyz.efp,-1.760330331,-2.0384,0.278069669,-0.396650217,-1.0439,0.647249783,2.243345444,2.466,-0.222654556,-0.328897725,-0.4935,0.164602275,-3.278127896,-2.9669,-0.311227896
2011,s073f077y1,aryl,aryl,f,y,s073f077y1,s073f077y1a.xyz.efp,-2.003099539,-2.8262,0.823100461,-0.754642168,-1.4917,0.737057832,2.615752889,2.787,-0.171247111,-0.197644177,-0.4244,0.226755823,-3.666566083,-3.6971,0.030533917
2021,s073w089y1,aryl,aryl,w,y,s073w089y1,s073w089y1a.xyz.efp,-1.711632378,-2.9309,1.219267622,-1.123041896,-2.762,1.638958104,7.288493887,7.7401,-0.451606113,-0.30844819,-0.9461,0.63765181,-7.568636179,-6.9629,-0.605736179
2045,s075f184f1,aryl,aryl,f,f,s075f184f1,s075f184f1a.xyz.efp,-0.51276106,-1.0224,0.50963894,0.022022552,-0.4937,0.515722552,2.452104026,2.7478,-0.295695974,-0.104567541,-0.3252,0.220632459,-2.882320097,-2.9513,0.068979903
2073,s076y136y1,aryl,aryl,y,y,s076y136y1,s076y136y1a.xyz.efp,-1.297906066,-1.7828,0.484893934,-0.303454357,-0.6791,0.375645643,1.376357433,1.4614,-0.085042567,-0.114478402,-0.2293,0.114821598,-2.256330741,-2.3358,0.079469259
2075,s076y143w1,aryl,aryl,y,w,s076y143w1,s076y143w1a.xyz.efp,-7.238023309,-5.6358,-1.602223309,-5.757169367,-3.4889,-2.268269367,7.091851953,6.8121,0.279751953,-0.516376339,-1.0382,0.521823661,-8.056329618,-7.9208,-0.135529618
2080,s077f089f1,aryl,aryl,f,f,s077f089f1,s077f089f1a.xyz.efp,-1.349839974,-2.5972,1.247360026,-0.727742121,-1.6442,0.916457879,3.209732592,3.1833,0.026432592,-0.182213952,-0.4244,0.242186048,-3.649616492,-3.7119,0.062283508
2083,s077f116f1,aryl,aryl,f,f,s077f116f1,s077f116f1a.xyz.efp,2.435685677,-1.5383,3.973985677,3.909088809,-0.1799,4.088988809,1.644765538,1.8554,-0.210634462,-0.083945256,-0.2357,0.151754744,-3.034223415,-2.9781,-0.056123415
2102,s078f104w1,aryl,aryl,f,w,s078f104w1,s078f104w1a.xyz.efp,-1.019867969,-2.4332,1.413332031,-0.898075741,-2.0474,1.149324259,4.02402058,4.1612,-0.13717942,-0.169801061,-0.5004,0.330598939,-3.976011747,-4.0466,0.070588253
2116,s078y082f1,aryl,aryl,y,f,s078y082f1,s078y082f1a.xyz.efp,-2.197106287,-2.9744,0.777293713,-0.914846871,-1.6315,0.716653129,2.956396535,3.2289,-0.272503465,-0.224369716,-0.5063,0.281930284,-4.014286172,-4.0654,0.051113828
2119,s079f089f1,aryl,aryl,f,f,s079f089f1,s079f089f1a.xyz.efp,-0.566302059,-1.0791,0.512797941,-0.314775398,-0.739,0.424224602,1.965079,2.2962,-0.331121,-0.079835633,-0.2785,0.198664367,-2.136769965,-2.3578,0.221030035
2135,s079y146f1,aryl,aryl,y,f,s079y146f1,s079y146f1a.xyz.efp,-1.445077343,-2.6337,1.188622657,-0.792907243,-1.7785,0.985592757,3.136909774,3.1284,0.008509774,-0.192929958,-0.405,0.212070042,-3.596149978,-3.5786,-0.017549978
2136,s079y153w1,aryl,aryl,y,w,s079y153w1,s079y153w1a.xyz.efp,-1.06912697,-1.5194,0.45027303,-0.994214012,-1.173,0.178785988,3.182090903,3.4087,-0.226609097,-0.106140119,-0.4189,0.312759881,-3.150863742,-3.3363,0.185436258
2143,s080f166f1,aryl,aryl,f,f,s080f166f1,s080f166f1a.xyz.efp,-0.300919006,-0.5322,0.231280994,0.313312946,0.0086,0.304712946,1.611765188,1.9347,-0.322934812,-0.061880913,-0.2052,0.143319087,-2.164116227,-2.2703,0.106183773
2149,s080w090y1,aryl,aryl,w,y,s080w090y1,s080w090y1a.xyz.efp,-1.054504651,-3.2145,2.159995349,-1.589942181,-3.0618,1.471857819,5.017692996,4.8618,0.155892996,-0.349283254,-0.6808,0.331516746,-4.132972212,-4.3337,0.200727788
2153,s080y129w1,aryl,aryl,y,w,s080y129w1,s080y129w1a.xyz.efp,6.563678614,-4.6307,11.19437861,9.80082825,-1.3579,11.15872825,5.744841,5.7834,-0.038559,-0.40891665,-0.7466,0.33768335,-8.573073986,-8.3095,-0.263573986
2177,s082f102y1,aryl,aryl,f,y,s082f102y1,s082f102y1a.xyz.efp,-3.973920917,-2.935,-1.038920917,-3.090934919,-1.8241,-1.266834919,4.284075028,4.024,0.260075028,-0.202799592,-0.4717,0.268900408,-4.964261434,-4.6633,-0.300961434
2210,s083y087f1,aryl,aryl,y,f,s083y087f1,s083y087f1a.xyz.efp,-1.815077384,-3.0555,1.240422616,-1.102025226,-2.1492,1.047174774,4.677241867,4.8974,-0.220158133,-0.304339445,-0.712,0.407660555,-5.085954643,-5.0917,0.005745357
2211,s083y094y1,aryl,aryl,y,y,s083y094y1,s083y094y1a.xyz.efp,-0.347999954,-0.9729,0.624900046,-0.142351575,-0.6638,0.521448425,2.764710596,3.1513,-0.386589404,-0.156853916,-0.4229,0.266046084,-2.813504996,-3.0375,0.223995004
2287,s089y094y1,aryl,aryl,y,y,s089y094y1,s089y094y1a.xyz.efp,-0.723137401,-1.3035,0.580362599,-0.545150791,-1.1516,0.606449209,2.668978192,2.9805,-0.311521808,-0.139179751,-0.3812,0.242020249,-2.707785051,-2.7513,0.043514949
2318,s092f099w1,aryl,aryl,f,w,s092f099w1,s092f099w1a.xyz.efp,-0.75089982,-3.7981,3.04720018,0.150210197,-2.1626,2.312810197,7.646790677,7.4464,0.200390677,-0.404873542,-0.9294,0.524526458,-8.143027152,-8.1525,0.009472848
2371,s095y106y1,aryl,aryl,y,y,s095y106y1,s095y106y1a.xyz.efp,-3.34619715,-4.0332,0.68700285,-6.063910381,-7.6616,1.597689619,9.212566389,9.9973,-0.784733611,-2.105982745,-2.6164,0.510417255,-4.388870352,-3.7525,-0.636370352
2389,s097f181w1,aryl,aryl,f,w,s097f181w1,s097f181w1a.xyz.efp,-2.043668983,-2.7836,0.739931017,-0.419668863,-1.3534,0.933731137,1.814140087,1.8971,-0.082959913,-0.154858152,-0.3002,0.145341848,-3.283281992,-3.0272,-0.256081992
2399,s097w173y1,aryl,aryl,w,y,s097w173y1,s097w173y1a.xyz.efp,-2.928363161,-3.1718,0.243436839,0.22826511,-0.4123,0.64056511,1.69045237,1.7456,-0.05514763,-0.245230075,-0.3057,0.060469925,-4.601850566,-4.1994,-0.402450566
2401,s097y101w1,aryl,aryl,y,w,s097y101w1,s097y101w1a.xyz.efp,-0.865111158,-4.0835,3.218388842,-1.61409246,-3.317,1.70290754,7.662657391,6.7884,0.874257391,-0.59002683,-1.0403,0.45027317,-6.323649259,-6.5146,0.190950741
2512,s104w202f1,aryl,aryl,w,f,s104w202f1,s104w202f1a.xyz.efp,-2.327919078,-4.5368,2.208880922,-1.159292884,-3.1483,1.989007116,9.081936138,8.7669,0.315036138,-0.454709529,-0.974,0.519290471,-9.795852865,-9.1814,-0.614452865
2532,s106f109f1,aryl,aryl,f,f,s106f109f1,s106f109f1a.xyz.efp,-1.714518376,-2.3025,0.587981624,-0.624411947,-1.1106,0.486188053,1.65009728,1.7087,-0.05860272,-0.122901648,-0.2438,0.120898352,-2.617301998,-2.6568,0.039498002
2549,s108f125w1,aryl,aryl,f,w,s108f125w1,s108f125w1a.xyz.efp,-0.684551484,-1.7478,1.063248516,-0.242495681,-0.9683,0.725804319,2.768282702,2.5981,0.170182702,-0.121777921,-0.3424,0.220622079,-3.088560522,-3.0352,-0.053360522
2550,s108f127f1,aryl,aryl,f,f,s108f127f1,s108f127f1a.xyz.efp,-1.125207963,-1.5908,0.465592037,-0.43341174,-0.8192,0.38578826,1.383877205,1.5428,-0.158922795,-0.070480549,-0.1881,0.117619451,-2.005192816,-2.1263,0.121107184
2562,s109f228y1,aryl,aryl,f,y,s109f228y1,s109f228y1a.xyz.efp,-1.867122736,-2.5487,0.681577264,-0.888005433,-1.7428,0.854794567,2.646565398,2.9871,-0.340534602,-0.208308791,-0.3965,0.188191209,-3.417373911,-3.3964,-0.020973911
2574,s110f128f1,aryl,aryl,f,f,s110f128f1,s110f128f1a.xyz.efp,-0.33609904,-1.5142,1.17810096,-0.407011058,-1.1488,0.741788942,3.588099153,3.7185,-0.130400847,-0.169115392,-0.5234,0.354284608,-3.348071744,-3.5605,0.212428256
2575,s110f222y1,aryl,aryl,f,y,s110f222y1,s110f222y1a.xyz.efp,-2.747267163,-3.2332,0.485932837,-2.123383508,-2.5992,0.475816492,6.586638023,6.5867,-6.20E-05,-0.218510497,-0.7671,0.548589503,-6.992011118,-6.4537,-0.538311118
2629,s113w119f1,aryl,aryl,w,f,s113w119f1,s113w119f1a.xyz.efp,-0.444470863,-1.8646,1.420129137,0.388691823,-0.9659,1.354591823,4.670096399,4.8448,-0.174703601,-0.247729909,-0.5738,0.326070091,-5.255529113,-5.1698,-0.085729113
2662,s117f125y1,aryl,aryl,f,y,s117f125y1,s117f125y1a.xyz.efp,-1.709160718,-2.0124,0.303239282,-0.555675534,-1.2406,0.684924466,2.5290258,3.0088,-0.4797742,-0.130040778,-0.3495,0.219459222,-3.552470268,-3.4311,-0.121370268
2713,s120y141f1,aryl,aryl,y,f,s120y141f1,s120y141f1a.xyz.efp,-0.717121495,-0.8942,0.177078505,-0.321963787,-0.7641,0.442136213,1.931685333,2.228,-0.296314667,-0.051127571,-0.225,0.173872429,-2.275715471,-2.1331,-0.142615471
2716,s121f219w1,aryl,aryl,f,w,s121f219w1,s121f219w1a.xyz.efp,-0.727475998,-1.4389,0.711424002,-0.862425835,-1.5656,0.703174165,3.127044846,3.5383,-0.411255154,-0.150608346,-0.4378,0.287191654,-2.841486727,-2.9738,0.132313273
2757,s126f171y1,aryl,aryl,f,y,s126f171y1,s126f171y1a.xyz.efp,-1.087559469,-2.6892,1.601640531,-0.989204052,-2.2144,1.225195948,4.247239962,4.2906,-0.043360038,-0.210944793,-0.5281,0.317155207,-4.134650587,-4.2373,0.102649413
2758,s126f176y1,aryl,aryl,f,y,s126f176y1,s126f176y1a.xyz.efp,-1.292872198,-2.7301,1.437227802,-0.842444603,-2.033,1.190555397,4.755651004,4.8947,-0.139048996,-0.262116288,-0.6818,0.419683712,-4.943962311,-4.9101,-0.033862311
2777,s127f183y1,aryl,aryl,f,y,s127f183y1,s127f183y1a.xyz.efp,-1.204311303,-2.1114,0.907088697,-0.550561221,-1.2212,0.670638779,2.889569291,3.0149,-0.125330709,-0.138472935,-0.4166,0.278127065,-3.404846438,-3.4884,0.083553562
2780,s127f239f1,aryl,aryl,f,f,s127f239f1,s127f239f1a.xyz.efp,-2.156816394,-3.189,1.032183606,-0.746490127,-1.6696,0.923109873,3.272829223,3.1909,0.081929223,-0.247004268,-0.4643,0.217295732,-4.436151285,-4.246,-0.190151285
2805,s129y136y2,aryl,aryl,y,y,s129y136y2,s129y136y2a.xyz.efp,-1.150277215,-3.4651,2.314822785,-1.111651453,-2.6691,1.557448547,6.285979368,5.9663,0.319679368,-0.399873434,-0.8479,0.448026566,-5.924731696,-5.9144,-0.010331696
2850,s133w277y1,aryl,aryl,w,y,s133w277y1,s133w277y1a.xyz.efp,6.057991989,1.6399,4.418091989,-0.94014127,-3.5732,2.63305873,13.17794916,12.8448,0.33314916,-0.33465899,-1.3388,1.00414101,-5.845156853,-6.2929,0.447743147
2855,s135f147y1,aryl,aryl,f,y,s135f147y1,s135f147y1a.xyz.efp,-0.391115479,-3.2699,2.878784521,-0.552984626,-2.8791,2.326115374,7.377633462,7.1624,0.215233462,-0.280990296,-0.7707,0.489709704,-6.934773957,-6.7825,-0.152273957
2872,s136f146w1,aryl,aryl,f,w,s136f146w1,s136f146w1a.xyz.efp,-3.815824174,-2.0911,-1.724724174,-5.538057349,-3.0804,-2.457657349,8.974540391,8.8485,0.126040391,-0.364018335,-1.0579,0.693881665,-6.888288882,-6.8012,-0.087088882
2885,s138f153f1,aryl,aryl,f,f,s138f153f1,s138f153f1a.xyz.efp,-2.142949397,-2.684,0.541050603,-0.799077262,-1.4254,0.626322738,2.501182998,2.7945,-0.293317002,-0.219644892,-0.4348,0.215155108,-3.625410241,-3.6183,-0.007110241
2891,s138w146f1,aryl,aryl,w,f,s138w146f1,s138w146f1a.xyz.efp,-3.491978327,-4.5498,1.057821673,-0.658383228,-1.8155,1.157116772,3.221133451,3.3593,-0.138166549,-0.437278897,-0.7065,0.269221103,-5.617449653,-5.387,-0.230449653
2903,s141f152f1,aryl,aryl,f,f,s141f152f1,s141f152f1a.xyz.efp,-0.727641721,-2.3726,1.644958279,-0.709123255,-1.9497,1.240576745,4.417585944,4.4239,-0.006314056,-0.211770896,-0.5142,0.302429104,-4.224333514,-4.3325,0.108166486
2915,s142y148y1,aryl,aryl,y,y,s142y148y1,s142y148y1a.xyz.efp,-2.569012171,-4.0381,1.469087829,-0.038326069,-1.6322,1.593873931,4.504769414,4.6727,-0.167930586,-0.285291369,-0.6445,0.359208631,-6.750164147,-6.4342,-0.315964147
2917,s142y160f1,aryl,aryl,y,f,s142y160f1,s142y160f1a.xyz.efp,-2.215950614,-4.0822,1.866249386,-3.204056729,-4.0458,0.841743271,9.232276604,8.8512,0.381076604,-0.42535646,-1.1234,0.69804354,-7.818814029,-7.7641,-0.054714029
2940,s146f149f1,aryl,aryl,f,f,s146f149f1,s146f149f1a.xyz.efp,-2.355356076,-2.807,0.451643924,-0.626905193,-1.2049,0.577994807,2.165368592,2.3759,-0.210531408,-0.18870864,-0.3767,0.18799136,-3.705110773,-3.6014,-0.103710773
2943,s146f164w1,aryl,aryl,f,w,s146f164w1,s146f164w1a.xyz.efp,-0.463183666,-0.9271,0.463916334,-0.410794569,-0.7818,0.371005431,1.852414513,2.257,-0.404585487,-0.076501098,-0.2724,0.195898902,-1.828302511,-2.1298,0.301497489
2944,s146f165f1,aryl,aryl,f,f,s146f165f1,s146f165f1a.xyz.efp,-0.339104451,-0.7994,0.460295549,0.039881704,-0.452,0.491881704,2.129937745,2.4409,-0.310962255,-0.081567407,-0.2671,0.185532593,-2.42735643,-2.5212,0.09384357
2952,s147f159f1,aryl,aryl,f,f,s147f159f1,s147f159f1a.xyz.efp,-0.678514621,-2.8085,2.129985379,-1.248162509,-2.5262,1.278037491,5.628028989,5.2371,0.390928989,-0.338220367,-0.7227,0.384479633,-4.720160734,-4.7967,0.076539266
2953,s147f182f1,aryl,aryl,f,f,s147f182f1,s147f182f1a.xyz.efp,-0.765709448,-1.8244,1.058690552,-0.745207831,-1.4632,0.717992169,2.781303202,2.8787,-0.097396798,-0.122224011,-0.3487,0.226475989,-2.679580808,-2.8912,0.211619192
2958,s148f165y1,aryl,aryl,f,y,s148f165y1,s148f165y1a.xyz.efp,-2.450323683,-3.582,1.131676317,-1.022917745,-1.9097,0.886782255,3.632507705,3.5177,0.114807705,-0.319085131,-0.5729,0.253814869,-4.740828513,-4.6171,-0.123728513
2965,s149f164f1,aryl,aryl,f,f,s149f164f1,s149f164f1a.xyz.efp,-0.41986458,-0.8516,0.43173542,-0.231674569,-0.5871,0.355425431,1.733120425,2.0811,-0.347979575,-0.074817013,-0.2476,0.172782987,-1.846493423,-2.098,0.251506577
2966,s149f165f1,aryl,aryl,f,f,s149f165f1,s149f165f1a.xyz.efp,-0.818841442,-1.7843,0.965458558,-0.287791204,-0.9116,0.623808796,2.147401823,2.1256,0.021801823,-0.096768909,-0.2517,0.154931091,-2.581683153,-2.7467,0.165016847
2976,s149y153f1,aryl,aryl,y,f,s149y153f1,s149y153f1a.xyz.efp,-5.652715466,-2.7663,-2.886415466,-5.708613355,-2.4158,-3.292813355,5.580304225,5.5775,0.002804225,-0.181401214,-0.6447,0.463298786,-5.343005123,-5.2833,-0.059705123
3008,s155f197y1,aryl,aryl,f,y,s155f197y1,s155f197y1a.xyz.efp,-1.117095015,-1.4634,0.346304985,-0.317529746,-0.7398,0.422270254,1.574451026,1.722,-0.147548974,-0.12018564,-0.2596,0.13941436,-2.253830655,-2.186,-0.067830655
3009,s155f277y1,aryl,aryl,f,y,s155f277y1,s155f277y1a.xyz.efp,-7.544818664,-3.1336,-4.411218664,-7.355003804,-2.4883,-4.866703804,5.190718466,5.3319,-0.141181534,-0.288595659,-0.7616,0.473004341,-5.091937667,-5.2156,0.123662333
3072,s163y178y1,aryl,aryl,y,y,s163y178y1,s163y178y1a.xyz.efp,-3.837728442,-2.5543,-1.283428442,-4.330293415,-2.9804,-1.349893415,7.219720828,7.8405,-0.620779172,-0.22494231,-0.9129,0.68795769,-6.502213609,-6.5015,-0.000713609
3093,s167f170w1,aryl,aryl,f,w,s167f170w1,s167f170w1a.xyz.efp,-1.59223469,-2.8351,1.24286531,-0.95266661,-2.0092,1.05653339,4.200155186,4.3869,-0.186744814,-0.220791711,-0.5666,0.345808289,-4.618931555,-4.6462,0.027268445
3157,s179y250f1,aryl,aryl,y,f,s179y250f1,s179y250f1a.xyz.efp,-1.082658443,-3.2012,2.118541557,-2.430310449,-3.5047,1.074389551,8.57074069,7.9448,0.62594069,-1.923353325,-2.3326,0.409246675,-5.299735296,-5.3087,0.008964704
3158,s179y258w1,aryl,aryl,y,w,s179y258w1,s179y258w1a.xyz.efp,-2.664871581,-4.7421,2.077228419,-2.064123035,-3.0637,0.999576965,6.170709312,5.8022,0.368509312,-0.468221299,-0.9665,0.498278701,-6.303236496,-6.5142,0.210963504
3171,s181w258w1,aryl,aryl,w,w,s181w258w1,s181w258w1a.xyz.efp,-0.767537732,-2.8696,2.102062268,-0.586644856,-2.1245,1.537855144,0,4.4994,-4.4994,-0.180892939,-0.6927,0.511807061,0,-4.5518,4.5518
3187,s184f225w1,aryl,aryl,f,w,s184f225w1,s184f225w1a.xyz.efp,0.16619463,-2.3342,2.50039463,-1.146057529,-2.4919,1.345842471,6.028026919,5.6654,0.362626919,-0.341929017,-0.8665,0.524570983,-4.373845743,-4.6413,0.267454257
3190,s184f255w1,aryl,aryl,f,w,s184f255w1,s184f255w1a.xyz.efp,-0.754890595,-1.5108,0.755909405,-0.623735377,-1.2283,0.604564623,2.358495647,2.5864,-0.227904353,-0.107262528,-0.3194,0.212137472,-2.382388274,-2.5494,0.167011726
3196,s185y220f1,aryl,aryl,y,f,s185y220f1,s185y220f1a.xyz.efp,4.278121245,-1.1969,5.475021245,1.55927908,-2.5017,4.06097908,9.117757791,8.7671,0.350657791,-0.241907964,-0.9888,0.746892036,-6.157007661,-6.4734,0.316392339
3215,s191w229w1,aryl,aryl,w,w,s191w229w1,s191w229w1a.xyz.efp,-0.626304048,-0.8743,0.247995952,0.511193754,0.1388,0.372393754,2.179653755,2.5109,-0.331246245,-0.216652846,-0.4527,0.236047154,-3.10049871,-3.0713,-0.02919871
3222,s194f198f1,aryl,aryl,f,f,s194f198f1,s194f198f1a.xyz.efp,-0.556899285,-3.0381,2.481200715,-0.212050071,-2.0962,1.884149929,5.95956397,5.6507,0.30886397,-0.252816362,-0.6417,0.388883638,-6.051596823,-5.9509,-0.100696823
3224,s194f217f1,aryl,aryl,f,f,s194f217f1,s194f217f1a.xyz.efp,-1.09490216,-1.4922,0.39729784,-0.239387109,-0.5914,0.352012891,1.565645193,1.7416,-0.175954807,-0.082211034,-0.2337,0.151488966,-2.338949148,-2.4087,0.069750852
3227,s194f241y1,aryl,aryl,f,y,s194f241y1,s194f241y1a.xyz.efp,-2.214269353,-2.7861,0.571830647,-0.783985134,-1.2903,0.506314866,1.696469781,1.7428,-0.046330219,-0.174580854,-0.3102,0.135619146,-2.952173083,-2.9284,-0.023773083
3241,s198f205f1,aryl,aryl,f,f,s198f205f1,s198f205f1a.xyz.efp,-0.522584071,-0.901,0.378415929,-0.358475816,-1.0624,0.703924184,3.148942212,3.7632,-0.614257788,-0.094289656,-0.4031,0.308810344,-3.218760811,-3.1987,-0.020060811
3242,s198f217f1,aryl,aryl,f,f,s198f217f1,s198f217f1a.xyz.efp,-1.134111309,-0.5415,-0.592611309,-0.834899104,-0.5553,-0.279599104,2.250531386,2.6103,-0.359768614,-0.051047627,-0.2367,0.185652373,-2.498695964,-2.3599,-0.138795964
3251,s202y241y1,aryl,aryl,y,y,s202y241y1,s202y241y1a.xyz.efp,1.820144949,-2.0102,3.830344949,-0.27498487,-2.847,2.57201513,9.930497297,9.4567,0.473797297,-0.325498494,-1.0395,0.714001506,-7.509868984,-7.5804,0.070531016
3261,s209y214f1,aryl,aryl,y,f,s209y214f1,s209y214f1a.xyz.efp,3.897194798,-1.7133,5.610494798,-1.525899155,-4.4676,2.941700845,12.16264632,10.4647,1.69794632,-0.461183635,-1.1774,0.716216365,-6.278368734,-6.533,0.254631266
3264,s210y286y1,aryl,aryl,y,y,s210y286y1,s210y286y1a.xyz.efp,-4.758382637,-1.511,-3.247382637,-3.248942871,-0.6786,-2.570342871,3.470150488,3.9224,-0.452249512,-0.330559533,-0.5967,0.266140467,-4.649030785,-4.1581,-0.490930785
3272,s217f234y1,aryl,aryl,f,y,s217f234y1,s217f234y1a.xyz.efp,-1.596517691,-1.982,0.385482309,-0.735206673,-1.1669,0.431693327,1.598838311,1.695,-0.096161689,-0.141715541,-0.2635,0.121784459,-2.318433788,-2.2466,-0.071833788
3274,s217f249w1,aryl,aryl,f,w,s217f249w1,s217f249w1a.xyz.efp,-0.630226739,-2.6474,2.017173261,-0.499218167,-1.6954,1.196181833,5.088275828,4.7673,0.320975828,-0.259872787,-0.6846,0.424727213,-4.959411612,-5.0347,0.075288388
