167,s006e010y1,anionic,aryl,e,y,s006e010y1,s006e010y1a.xyz.efp,-2.07051086,-2.1996,0.12908914,-0.605709372,-1.527,0.921290628,3.097503778,3.4104,-0.312896222,-0.139817919,-0.362,0.222182081,-4.422487284,-3.721,-0.701487284
281,s008w252e1,aryl,anionic,w,e,s008w252e1,s008w252e1a.xyz.efp,-20.06068342,-19.5384,-0.52228342,-15.93184794,-17.053,1.12115206,8.117082851,9.0291,-0.912017149,-8.964532582,-8.6105,-0.354032582,-3.28138575,-2.9039,-0.37748575
320,s009y016e1,aryl,anionic,y,e,s009y016e1,s009y016e1a.xyz.efp,7.355257816,7.3292,0.026057816,9.70825512,6.1206,3.58765512,9.101502403,10.1624,-1.060897597,-6.721214121,-6.0445,-0.676714121,-4.733285524,-2.9093,-1.823985524
326,s009y111d1,aryl,anionic,y,d,s009y111d1,s009y111d1a.xyz.efp,-24.33211664,-23.214,-1.11811664,-23.22959149,-24.9317,1.70210851,20.99408948,21.3779,-0.38381052,-16.53710821,-15.0241,-1.51300821,-5.559506491,-4.6361,-0.923406491
331,s010d090y1,anionic,aryl,d,y,s010d090y1,s010d090y1a.xyz.efp,-22.26553192,-26.061,3.79546808,-29.8863463,-32.4764,2.5900537,32.02865753,30.8969,1.13175753,-17.5325737,-18.5055,0.9729263,-6.875269387,-5.976,-0.899269387
362,s010y017e1,aryl,anionic,y,e,s010y017e1,s010y017e1a.xyz.efp,6.528562773,6.4634,0.065162773,9.397874544,6.5765,2.821374544,7.072868133,7.7516,-0.678731867,-5.877683503,-5.3714,-0.506283503,-4.0644964,-2.4933,-1.5711964
370,s011e062y1,anionic,aryl,e,y,s011e062y1,s011e062y1a.xyz.efp,5.06501114,5.8421,-0.77708886,10.02985188,7.7194,2.31045188,5.655310179,6.4262,-0.770889821,-6.35868704,-5.6784,-0.68028704,-4.261463819,-2.6251,-1.636363819
401,s011y051e1,aryl,anionic,y,e,s011y051e1,s011y051e1a.xyz.efp,-10.66405848,-10.1167,-0.54735848,-6.507563046,-7.285,0.777436954,2.680449645,3.3537,-0.673250355,-4.249693738,-4.124,-0.125693738,-2.587251274,-2.0615,-0.525751274
409,s012d026y1,anionic,aryl,d,y,s012d026y1,s012d026y1a.xyz.efp,-6.149895388,-6.7924,0.642504612,-2.567599982,-3.7191,1.151500018,4.414141095,4.5337,-0.119558905,-3.584623556,-3.772,0.187376444,-4.411812819,-3.8349,-0.576912819
410,s012d069y1,anionic,aryl,d,y,s012d069y1,s012d069y1a.xyz.efp,6.584802523,6.6187,-0.033897477,9.532934883,7.0488,2.484134883,6.299140427,7.1768,-0.877659573,-4.616383403,-4.3862,-0.230183403,-4.630889321,-3.2207,-1.410189321
414,s012e070y1,anionic,aryl,e,y,s012e070y1,s012e070y1a.xyz.efp,-4.543352192,-4.7936,0.250247808,-1.816261665,-2.2383,0.422038335,2.239142763,2.3244,-0.085257237,-1.850366855,-2.0508,0.200433145,-3.115866498,-2.829,-0.286866498
498,s014e164y1,anionic,aryl,e,y,s014e164y1,s014e164y1a.xyz.efp,-26.65217672,-27.3066,0.65442328,-33.50084952,-36.1703,2.66945048,34.89614484,35.4281,-0.53195516,-20.2896357,-19.9916,-0.2980357,-7.75783634,-6.5727,-1.18513634
518,s014y019e1,aryl,anionic,y,e,s014y019e1,s014y019e1a.xyz.efp,-2.081008872,-2.8248,0.743791128,-1.772300835,-2.8874,1.115099165,4.15032196,4.8172,-0.66687804,-0.863746534,-1.3024,0.438653466,-3.595283464,-3.4522,-0.143083464
560,s016e035w1,anionic,aryl,e,w,s016e035w1,s016e035w1a.xyz.efp,-1.688079667,-2.1804,0.492320333,2.484117319,1.7367,0.747417319,2.605265795,2.8569,-0.251634205,-4.061459551,-4.3783,0.316840449,-2.71600323,-2.3957,-0.32030323
591,s017e036w1,anionic,aryl,e,w,s017e036w1,s017e036w1a.xyz.efp,-3.057575639,-2.8258,-0.231775639,1.630062711,1.196,0.434062711,1.890486193,2.229,-0.338513807,-3.675740572,-3.8575,0.181759428,-2.902383908,-2.3934,-0.508983908
595,s017f077d1,aryl,anionic,f,d,s017f077d1,s017f077d1a.xyz.efp,-7.347079044,-7.0031,-0.343979044,-3.079485178,-4.0595,0.980014822,3.454190967,4.1586,-0.704409033,-4.193691183,-4.1508,-0.042891183,-3.52809365,-2.9514,-0.57669365
877,s025w152e1,aryl,anionic,w,e,s025w152e1,s025w152e1a.xyz.efp,-21.47094888,-21.6384,0.16745112,-17.67037214,-19.2557,1.58532786,10.2935314,10.8481,-0.5545686,-9.752415181,-9.3677,-0.384715181,-4.341692894,-3.8631,-0.478592894
881,s026d042f1,anionic,aryl,d,f,s026d042f1,s026d042f1a.xyz.efp,-0.115034053,-0.662,0.546965947,2.731238742,1.5368,1.194438742,3.972400861,3.9566,0.015800861,-2.379988965,-2.3173,-0.062688965,-4.438684628,-3.8381,-0.600584628
882,s026d077f1,anionic,aryl,d,f,s026d077f1,s026d077f1a.xyz.efp,-2.22668946,-2.6948,0.46811054,0.918430147,0.2076,0.710830147,3.101178355,3.2417,-0.140521645,-2.350561349,-2.5852,0.234638651,-3.895736676,-3.5589,-0.336836676
884,s026e057y2,anionic,aryl,e,y,s026e057y2,s026e057y2a.xyz.efp,-22.39042017,-25.1224,2.73197983,-28.33253506,-32.1308,3.79826494,31.90831765,31.846,0.06231765,-16.43849784,-16.6447,0.20620216,-9.527704921,-8.1929,-1.334804921
992,s029w308d1,aryl,anionic,w,d,s029w308d1,s029w308d1a.xyz.efp,-8.038379291,-8.0796,0.041220709,-4.289821924,-4.8399,0.550078076,1.996827112,2.2171,-0.220272888,-3.265712996,-3.2421,-0.023612996,-2.479671482,-2.2146,-0.265071482
994,s029y049e1,aryl,anionic,y,e,s029y049e1,s029y049e1a.xyz.efp,-1.538787001,-1.9235,0.384712999,-0.39324101,-1.1156,0.72235899,2.62020155,2.8027,-0.18249845,-0.092208176,-0.3315,0.239291824,-3.673539365,-3.2791,-0.394439365
999,s030e038f1,anionic,aryl,e,f,s030e038f1,s030e038f1a.xyz.efp,-0.341982919,-0.6416,0.299617081,-0.346412567,-0.922,0.575587433,2.682333839,3.1209,-0.438566161,-0.064191117,-0.3427,0.278508883,-2.613713137,-2.4977,-0.116013137
1000,s030e042f1,anionic,aryl,e,f,s030e042f1,s030e042f1a.xyz.efp,-0.334025404,-0.526,0.191974596,-0.173508833,-0.6452,0.471691167,1.963481448,2.226,-0.262518552,-0.041370448,-0.1986,0.157229552,-2.082627571,-1.9082,-0.174427571
1001,s030e049f1,anionic,aryl,e,f,s030e049f1,s030e049f1a.xyz.efp,-4.77606245,-5.2624,0.48633755,-2.010680743,-2.6931,0.682419257,2.243271713,2.5506,-0.307328287,-2.569981784,-2.7567,0.186718216,-2.438671699,-2.3631,-0.075571699
1005,s030f061e2,aryl,anionic,f,e,s030f061e2,s030f061e2a.xyz.efp,-0.442989398,-1.0032,0.560210602,-0.373938545,-0.9959,0.621961455,2.456423862,2.5825,-0.126076138,-0.062531191,-0.296,0.233468809,-2.462943524,-2.2938,-0.169143524
1026,s030w042e1,aryl,anionic,w,e,s030w042e1,s030w042e1a.xyz.efp,-21.03372734,-20.9084,-0.12532734,-15.94382515,-17.134,1.19017485,6.392214929,6.9098,-0.517585071,-8.501549779,-7.9845,-0.517049779,-2.980567333,-2.6998,-0.280767333
1033,s030w212e1,aryl,anionic,w,e,s030w212e1,s030w212e1a.xyz.efp,-17.45463205,-17.5883,0.13366795,-11.72902418,-13.2118,1.48277582,5.70728638,6.2908,-0.58351362,-6.088174111,-5.8289,-0.259274111,-5.344720143,-4.8385,-0.506220143
1034,s030w213e1,aryl,anionic,w,e,s030w213e1,s030w213e1a.xyz.efp,-3.601909613,-4.6378,1.035890387,-2.490851273,-4.0551,1.564248727,5.075914015,5.5803,-0.504385985,-1.627325054,-2.1974,0.570074946,-4.559647301,-3.9656,-0.594047301
1065,s031w060d1,aryl,anionic,w,d,s031w060d1,s031w060d1a.xyz.efp,-25.44174108,-23.0152,-2.42654108,-17.93838812,-19.4459,1.50751188,9.21445598,10.1855,-0.97104402,-11.88827502,-10.2112,-1.67707502,-4.829533921,-3.5436,-1.285933921
1076,s032f058d1,aryl,anionic,f,d,s032f058d1,s032f058d1a.xyz.efp,-1.582234473,-1.8935,0.311265527,-0.255518816,-0.7122,0.456681184,1.838011129,2.0069,-0.168888871,-0.944374197,-1.1042,0.159825803,-2.220352652,-2.0839,-0.136452652
1128,s034d037f1,anionic,aryl,d,f,s034d037f1,s034d037f1a.xyz.efp,-0.922640546,-1.2779,0.355259454,-0.284000037,-0.9715,0.687499963,2.885526748,3.5459,-0.660373252,-1.088031349,-1.394,0.305968651,-2.436135971,-2.4584,0.022264029
1192,s036f113d1,aryl,anionic,f,d,s036f113d1,s036f113d1a.xyz.efp,-5.163519478,-4.892,-0.271519478,-1.342143121,-2.2866,0.944456879,2.961406934,3.8717,-0.910293066,-4.273146676,-4.3825,0.109353324,-2.509636615,-2.0946,-0.415036615
1221,s037d064y1,anionic,aryl,d,y,s037d064y1,s037d064y1a.xyz.efp,-18.75129981,-17.6994,-1.05189981,-15.56694345,-16.2418,0.67485655,8.34595902,9.041,-0.69504098,-8.506993341,-7.8971,-0.609893341,-3.023322045,-2.6015,-0.421822045
1364,s042e095f1,anionic,aryl,e,f,s042e095f1,s042e095f1a.xyz.efp,-4.306549631,-4.6992,0.392650369,-1.580784007,-2.5228,0.942015993,3.367961988,3.8974,-0.529438012,-2.361852145,-2.6433,0.281447855,-3.731875405,-3.4304,-0.301475405
1366,s042e103f1,anionic,aryl,e,f,s042e103f1,s042e103f1a.xyz.efp,-6.19818327,-6.1881,-0.01008327,-1.213637773,-2.0832,0.869562227,3.053462439,3.4613,-0.407837561,-5.200338041,-5.2512,0.050861959,-2.837669958,-2.315,-0.522669958
1377,s042f088d1,aryl,anionic,f,d,s042f088d1,s042f088d1a.xyz.efp,-2.449521362,-4.1072,1.657678638,0.086990576,-2.2232,2.310190576,3.572728164,3.9577,-0.384971836,-2.279981027,-2.4865,0.206518973,-3.829259075,-3.3552,-0.474059075
1399,s043d062y1,anionic,aryl,d,y,s043d062y1,s043d062y1a.xyz.efp,-1.313925325,-1.5934,0.279474675,-0.186916374,-0.6593,0.472383626,1.817066245,2.0857,-0.268633755,-0.828637721,-0.98,0.151362279,-2.115437475,-2.0398,-0.075637475
1450,s045f057e1,aryl,anionic,f,e,s045f057e1,s045f057e1a.xyz.efp,-7.315941741,-7.1223,-0.193641741,-3.244006705,-4.4221,1.178093295,4.265769159,5.0672,-0.801430841,-4.443869786,-4.4633,0.019430214,-3.89383441,-3.3041,-0.58973441
1506,s047w081e1,aryl,anionic,w,e,s047w081e1,s047w081e1a.xyz.efp,-8.600363835,-9.1037,0.503336165,-5.067717987,-5.9824,0.914682013,3.330434413,3.4507,-0.120265587,-3.204583641,-3.2943,0.089716359,-3.658496559,-3.2778,-0.380696559
1509,s047y053d1,aryl,anionic,y,d,s047y053d1,s047y053d1a.xyz.efp,3.430860705,4.2568,-0.825939295,8.595654573,6.7875,1.808154573,4.318542662,5.0127,-0.694157338,-5.604833577,-4.9902,-0.614633577,-3.87850289,-2.5531,-1.32540289
1561,s049y098e1,aryl,anionic,y,e,s049y098e1,s049y098e1a.xyz.efp,4.892619947,5.8114,-0.918780053,8.467470317,7.0087,1.458770317,3.582402081,4.4279,-0.845497919,-3.703593352,-3.3515,-0.352093352,-3.453659035,-2.2738,-1.179859035
1565,s050d067f1,anionic,aryl,d,f,s050d067f1,s050d067f1a.xyz.efp,-1.308271299,-1.0218,-0.286471299,5.478346959,3.5016,1.976746959,5.037372463,4.8526,0.184772463,-6.928085748,-5.8492,-1.078885748,-4.89590491,-3.5268,-1.36910491
1566,s050d092y1,anionic,aryl,d,y,s050d092y1,s050d092y1a.xyz.efp,-23.90372653,-24.7801,0.87637347,-22.58561039,-24.4196,1.83398961,15.62051168,16.0117,-0.39118832,-12.5692244,-12.4094,-0.1598244,-4.369403482,-3.9628,-0.406603482
1583,s050w054e1,aryl,anionic,w,e,s050w054e1,s050w054e1a.xyz.efp,-6.717081845,-6.6151,-0.101981845,-1.220120413,-2.565,1.344879587,4.083685852,4.6271,-0.543414148,-6.04954747,-5.7519,-0.29764747,-3.531099814,-2.9252,-0.605899814
1633,s052y061d1,aryl,anionic,y,d,s052y061d1,s052y061d1a.xyz.efp,-25.334794,-25.3879,0.053106,-24.43828431,-26.1671,1.72881569,17.66848738,18.2154,-0.54691262,-13.97183317,-13.3888,-0.58303317,-4.593163895,-4.0473,-0.545863895
1635,s053d058y1,anionic,aryl,d,y,s053d058y1,s053d058y1a.xyz.efp,0.412225081,-0.6114,1.023625081,1.030367362,0.1276,0.902767362,3.340336865,3.431,-0.090663135,-1.197020381,-1.4547,0.257679619,-2.761458828,-2.7153,-0.046158828
1651,s053y083d1,aryl,anionic,y,d,s053y083d1,s053y083d1a.xyz.efp,-27.21599011,-25.8642,-1.35179011,-28.82809622,-30.4222,1.59410378,24.89405431,25.8831,-0.98904569,-16.87676203,-16.018,-0.85876203,-6.40518617,-5.3071,-1.09808617
1672,s055d105y1,anionic,aryl,d,y,s055d105y1,s055d105y1a.xyz.efp,-9.122423693,-8.8225,-0.299923693,-5.250647602,-5.7355,0.484852398,3.170465022,3.3799,-0.209434978,-4.049213324,-3.9489,-0.100313324,-2.993027789,-2.518,-0.475027789
1782,s061e088f1,anionic,aryl,e,f,s061e088f1,s061e088f1a.xyz.efp,-3.216769,-4.2803,1.063531,-0.7912022,-3.0041,2.2128978,8.184816142,8.6059,-0.421083858,-4.24611429,-4.4999,0.25378571,-6.364268652,-5.3822,-0.982068652
1838,s062y083e1,aryl,anionic,y,e,s062y083e1,s062y083e1a.xyz.efp,-21.02981324,-22.9634,1.93358676,-20.85244566,-22.4499,1.59745434,16.58518111,16.3744,0.21078111,-11.9608469,-12.645,0.6841531,-4.801701723,-4.243,-0.558701723
1861,s064e111w1,anionic,aryl,e,w,s064e111w1,s064e111w1a.xyz.efp,-0.12866762,-1.2252,1.09653238,-0.070082149,-1.085,1.014917851,0,3.0704,-3.0704,-0.058585471,-0.3491,0.290514529,0,-2.8616,2.8616
1910,s067e139y1,anionic,aryl,e,y,s067e139y1,s067e139y1a.xyz.efp,-1.883174374,-1.7316,-0.151574374,-1.073980557,-1.8094,0.735419443,3.570049806,4.228,-0.657950194,-1.315393173,-1.4967,0.181306827,-3.063850451,-2.6535,-0.410350451
1950,s069f078e1,aryl,anionic,f,e,s069f078e1,s069f078e1a.xyz.efp,-5.588546689,-5.734,0.145453311,-2.547325394,-4.9544,2.407074606,7.202290572,8.3897,-1.187409428,-5.441173859,-5.2818,-0.159373859,-4.802337946,-3.8875,-0.914837946
1988,s071w078e1,aryl,anionic,w,e,s071w078e1,s071w078e1a.xyz.efp,-4.233681256,-4.4833,0.249618744,0.953409444,-0.2001,1.153509444,2.748315339,3.0782,-0.329884661,-3.835474588,-3.9193,0.083825412,-4.099931514,-3.442,-0.657931514
2055,s076d089y1,anionic,aryl,d,y,s076d089y1,s076d089y1a.xyz.efp,-27.02134583,-26.3491,-0.67224583,-29.46625444,-31.8584,2.39214556,27.02786405,28.1606,-1.13273595,-17.26335713,-16.5201,-0.74325713,-7.319598309,-6.1312,-1.188398309
2087,s077f205e1,aryl,anionic,f,e,s077f205e1,s077f205e1a.xyz.efp,-9.163734653,-8.7351,-0.428634653,-3.465276382,-4.6779,1.212623618,2.893020227,3.3749,-0.481879773,-5.527572388,-5.0858,-0.441772388,-3.06390611,-2.3462,-0.71770611
2154,s080y172e1,aryl,anionic,y,e,s080y172e1,s080y172e1a.xyz.efp,3.369451045,3.6395,-0.270048955,7.813213968,5.4749,2.338313968,6.247533447,6.9849,-0.737366553,-6.696867372,-6.2355,-0.461367372,-3.99442906,-2.5848,-1.40962906
2191,s083d105y1,anionic,aryl,d,y,s083d105y1,s083d105y1a.xyz.efp,6.068148829,6.479,-0.410851171,9.607671764,6.8975,2.710171764,6.924878972,7.9555,-1.030621028,-6.342939111,-5.8645,-0.478439111,-4.121462796,-2.5096,-1.611862796
2193,s083e094y1,anionic,aryl,e,y,s083e094y1,s083e094y1a.xyz.efp,-7.238124901,-7.0437,-0.194424901,-2.097875256,-2.8135,0.715624744,1.40656384,1.6511,-0.24453616,-3.632136664,-3.6448,0.012663336,-2.914676884,-2.2364,-0.678276884
2214,s084d087f1,anionic,aryl,d,f,s084d087f1,s084d087f1a.xyz.efp,-3.987506292,-4.163,0.175493708,-1.378576462,-2.0223,0.643723538,2.730304771,2.9553,-0.224995229,-2.329566454,-2.4133,0.083733546,-3.009668147,-2.6827,-0.326968147
2225,s084y089d1,aryl,anionic,y,d,s084y089d1,s084y089d1a.xyz.efp,1.62271318,1.5122,0.11051318,2.527798473,2.0668,0.460998473,2.08395831,2.611,-0.52704169,-0.979909146,-1.1998,0.219890854,-2.009134395,-1.9659,-0.043234395
2246,s086d092w1,anionic,aryl,d,w,s086d092w1,s086d092w1a.xyz.efp,-5.885890701,-6.1869,0.301009299,-4.527261461,-8.5372,4.009938539,13.63209482,14.992,-1.35990518,-9.828024225,-8.6668,-1.161224225,-5.162699838,-3.9749,-1.187799838
2247,s086d112w1,anionic,aryl,d,w,s086d112w1,s086d112w1a.xyz.efp,-12.13515812,-11.3979,-0.73725812,-6.982124918,-7.7589,0.776775082,2.396149161,3.0168,-0.620650839,-5.691027353,-5.1007,-0.590327353,-1.858154945,-1.5551,-0.303054945
2275,s089d092f1,anionic,aryl,d,f,s089d092f1,s089d092f1a.xyz.efp,-4.60031225,-4.9148,0.31448775,-1.594883242,-2.3833,0.788416758,3.044866128,3.2294,-0.184533872,-2.881138075,-2.9127,0.031561925,-3.169157124,-2.8481,-0.321057124
2303,s090y112e1,aryl,anionic,y,e,s090y112e1,s090y112e1a.xyz.efp,8.632409319,8.5046,0.127809319,8.782125548,3.8622,4.919925548,12.26466301,14.0924,-1.82773699,-5.846545385,-5.3904,-0.456145385,-6.567833856,-4.0596,-2.508233856
2348,s095d102y1,anionic,aryl,d,y,s095d102y1,s095d102y1a.xyz.efp,7.375912292,8.3109,-0.934987708,12.21467605,8.6824,3.53227605,8.684630371,9.6876,-1.002969629,-7.365455695,-6.5854,-0.780055695,-6.157938495,-3.4737,-2.684238495
2439,s099w272e1,aryl,anionic,w,e,s099w272e1,s099w272e1a.xyz.efp,-24.29259839,-23.9925,-0.30009839,-20.74220765,-23.3498,2.60759235,16.57362425,17.1664,-0.59277575,-14.14553509,-12.7918,-1.35373509,-5.97847977,-5.0173,-0.96117977
2488,s103d149y1,anionic,aryl,d,y,s103d149y1,s103d149y1a.xyz.efp,-22.23504258,-22.8108,0.57575742,-19.08389922,-20.1374,1.05350078,10.83842265,10.8165,0.02192265,-10.38265761,-10.2576,-0.12505761,-3.60690834,-3.2323,-0.37460834
2491,s103e108w1,anionic,aryl,e,w,s103e108w1,s103e108w1a.xyz.efp,-20.75867256,-20.3956,-0.36307256,-15.98120853,-17.6717,1.69049147,8.895203684,9.6273,-0.732096316,-9.757256532,-8.9663,-0.790956532,-3.915411185,-3.385,-0.530411185
2509,s104w166e1,aryl,anionic,w,e,s104w166e1,s104w166e1a.xyz.efp,-22.24307382,-21.5028,-0.74027382,-18.26490894,-19.6031,1.33819106,10.06236554,10.8652,-0.80283446,-10.43460413,-9.6152,-0.81940413,-3.605926303,-3.1497,-0.456226303
2513,s104w205e1,aryl,anionic,w,e,s104w205e1,s104w205e1a.xyz.efp,0.105468443,-0.6984,0.803868443,0.162667076,-0.8191,0.981767076,0,2.8833,-2.8833,-0.057198633,-0.2788,0.221601367,0,-2.4838,2.4838
2610,s112y125e1,aryl,anionic,y,e,s112y125e1,s112y125e1a.xyz.efp,-1.310322345,-1.6165,0.306177655,-0.421940287,-1.3042,0.882259713,3.282171129,3.6338,-0.351628871,-0.154237994,-0.4335,0.279262006,-4.016315193,-3.5126,-0.503715193
2632,s113w171d1,aryl,anionic,w,d,s113w171d1,s113w171d1a.xyz.efp,-19.25230397,-21.7044,2.45209603,-17.94256125,-20.1555,2.21293875,14.46006984,14.0415,0.41856984,-10.83269772,-11.1087,0.27600228,-4.937114843,-4.4817,-0.455414843
2647,s115e163y2,anionic,aryl,e,y,s115e163y2,s115e163y2a.xyz.efp,-4.032811666,-3.9016,-0.131211666,0.19038852,-0.7374,0.92778852,2.44652643,3.0474,-0.60087357,-4.612001257,-4.5318,-0.080201257,-2.057725359,-1.6798,-0.377925359
2672,s118e173f1,anionic,aryl,e,f,s118e173f1,s118e173f1a.xyz.efp,-3.211757472,-4.2103,0.998542528,0.844333315,-0.6564,1.500733315,5.110301517,5.0032,0.107101517,-2.53990527,-2.9516,0.41169473,-6.626487034,-5.6055,-1.020987034
2746,s125e192f1,anionic,aryl,e,f,s125e192f1,s125e192f1a.xyz.efp,-4.732924335,-4.9128,0.179875665,-1.67790601,-2.1995,0.52159399,1.729694024,1.9168,-0.187105976,-2.294740329,-2.3716,0.076859671,-2.48997202,-2.2586,-0.23137202
2792,s129d148y1,anionic,aryl,d,y,s129d148y1,s129d148y1a.xyz.efp,-1.281706965,-1.4765,0.194793035,-0.084825952,-0.4846,0.399774048,1.596587155,1.8626,-0.266012845,-0.810043954,-0.9481,0.138056046,-1.983424151,-1.9064,-0.077024151
2820,s131d147f1,anionic,aryl,d,f,s131d147f1,s131d147f1a.xyz.efp,-0.392080574,-0.9998,0.607719426,2.220592859,1.1328,1.087792859,3.493521287,3.4402,0.053321287,-2.015291487,-2.024,0.008708513,-4.090903232,-3.5487,-0.542203232
2821,s131d182f1,anionic,aryl,d,f,s131d182f1,s131d182f1a.xyz.efp,-2.515427059,-2.6369,0.121472941,0.854330708,0.2656,0.588730708,2.68548916,2.8703,-0.18481084,-2.248443944,-2.4289,0.180456056,-3.806803046,-3.3438,-0.463003046
2869,s136d198f1,anionic,aryl,d,f,s136d198f1,s136d198f1a.xyz.efp,-6.389461961,-6.1406,-0.248861961,-1.173028357,-2.7128,1.539771643,3.283417407,3.8467,-0.563282593,-4.25546655,-4.1807,-0.07476655,-4.244384524,-3.0938,-1.150584524
2877,s136w165d1,aryl,anionic,w,d,s136w165d1,s136w165d1a.xyz.efp,-24.90990935,-22.921,-1.98890935,-19.23910783,-20.678,1.43889217,10.14588171,10.9567,-0.81081829,-12.13182358,-10.2318,-1.90002358,-3.684859591,-2.9679,-0.716959591
2950,s147d171y1,anionic,aryl,d,y,s147d171y1,s147d171y1a.xyz.efp,-26.11008468,-25.9005,-0.20958468,-28.23322503,-30.2671,2.03387497,29.58681061,29.0708,0.51601061,-20.79380051,-19.2739,-1.51990051,-6.669869686,-5.4303,-1.239569686
3006,s154y203e1,aryl,anionic,y,e,s154y203e1,s154y203e1a.xyz.efp,7.293058761,7.5354,-0.242341239,9.241287566,5.3968,3.844487566,9.149542486,10.7634,-1.613857514,-5.477774992,-5.0826,-0.395174992,-5.619996361,-3.5421,-2.077896361
3077,s163y187e1,aryl,anionic,y,e,s163y187e1,s163y187e1a.xyz.efp,6.026731759,7.0614,-1.034668241,10.00658669,5.9326,4.07398669,9.732504606,10.7297,-0.997195394,-8.120919511,-6.702,-1.418919511,-5.591440029,-2.8988,-2.692640029
3085,s165y168d1,aryl,anionic,y,d,s165y168d1,s165y168d1a.xyz.efp,5.037803744,5.4959,-0.458096256,8.58749927,6.4449,2.14259927,5.109486332,6.1257,-1.016213668,-5.159954965,-4.8367,-0.323254965,-3.49922683,-2.2381,-1.26112683
3115,s172d204y1,anionic,aryl,d,y,s172d204y1,s172d204y1a.xyz.efp,-26.73495696,-25.9376,-0.79735696,-25.47081052,-27.4269,1.95608948,18.37360355,19.7691,-1.39549645,-14.36303945,-13.6871,-0.67593945,-5.274710533,-4.5927,-0.682010533
3156,s179y216e1,aryl,anionic,y,e,s179y216e1,s179y216e1a.xyz.efp,6.312802608,6.8222,-0.509397392,9.293152198,6.9009,2.392252198,5.470693278,6.6263,-1.155606722,-4.934520507,-4.5483,-0.386220507,-3.516522236,-2.1568,-1.359722236
3203,s186y273e1,aryl,anionic,y,e,s186y273e1,s186y273e1a.xyz.efp,7.034300916,7.4753,-0.440999084,9.986384204,7.6714,2.314984204,5.775983072,6.709,-0.933016928,-5.141984055,-4.7424,-0.399584055,-3.586082306,-2.1627,-1.423382306
3229,s195d241y1,anionic,aryl,d,y,s195d241y1,s195d241y1a.xyz.efp,9.441563102,8.6164,0.825163102,9.885097797,5.6236,4.261497797,10.61369326,11.6762,-1.06250674,-6.13129497,-5.7778,-0.35349497,-4.925932981,-2.9056,-2.020332981
3257,s206d210y1,anionic,aryl,d,y,s206d210y1,s206d210y1a.xyz.efp,-30.18629349,-28.2588,-1.92749349,-28.9881401,-31.1206,2.1324599,25.20771163,25.5845,-0.37678837,-20.27302496,-17.6734,-2.59962496,-6.132840001,-5.0493,-1.083540001
3263,s210y216d1,aryl,anionic,y,d,s210y216d1,s210y216d1a.xyz.efp,-0.050273355,-0.9889,0.938626645,1.016138423,0.0318,0.984338423,3.528088065,3.6594,-0.131311935,-1.643397024,-1.8684,0.225002976,-2.951102819,-2.8117,-0.139402819
3287,s221e231y1,anionic,aryl,e,y,s221e231y1,s221e231y1a.xyz.efp,11.0948179,10.3495,0.7453179,11.78277269,7.0551,4.72767269,12.22327713,13.202,-0.97872287,-7.384562882,-6.8356,-0.548962882,-5.526669039,-3.0721,-2.454569039
3292,s223d286y1,anionic,aryl,d,y,s223d286y1,s223d286y1a.xyz.efp,7.10858355,7.3614,-0.25281645,9.068983973,5.2514,3.817583973,9.035416676,10.609,-1.573583324,-5.522313562,-5.105,-0.417313562,-5.473503537,-3.3941,-2.079403537
3300,s225w252e1,aryl,anionic,w,e,s225w252e1,s225w252e1a.xyz.efp,-1.593809024,-1.5196,-0.074209024,0.195094143,-0.2689,0.463994143,4.338754751,5.0981,-0.759345249,-2.280121462,-2.6699,0.389778538,-3.847536393,-3.679,-0.168536393
3320,s236f282e1,aryl,anionic,f,e,s236f282e1,s236f282e1a.xyz.efp,-0.582318933,-0.5773,-0.005018933,-0.260891157,-0.677,0.416108843,1.875428075,2.2721,-0.396671925,-0.043926883,-0.2339,0.189973117,-2.152928906,-1.9385,-0.214428906
3327,s237w263d1,aryl,anionic,w,d,s237w263d1,s237w263d1a.xyz.efp,0.820885586,-0.9359,1.756785586,4.065983324,2.153,1.912983324,7.185172874,7.0723,0.112872874,-3.216593175,-3.6924,0.475806825,-7.213677438,-6.4687,-0.744977438
