126,s005f031y1,aryl,aryl,f,y,s005f031y1,s005f031y1,-0.079450411,-1.0001,0.920649589,0.618024374,-0.1812,0.799224374,1.471211212,1.5718,-0.100588788,-0.128081347,-0.2645,0.136418653,-2.040604712,-2.1262,0.085595288
127,s005f037f1,aryl,aryl,f,f,s005f037f1,s005f037f1,-1.223626883,-1.3744,0.150773117,-0.932158341,-0.9992,0.067041659,2.513280947,2.7981,-0.284819053,-0.131749837,-0.3653,0.233550163,-2.672999651,-2.8081,0.135100349
128,s005f043y1,aryl,aryl,f,y,s005f043y1,s005f043y1,-3.532377028,-1.9737,-1.558677028,-2.835466053,-1.2169,-1.618566053,2.690289598,2.9843,-0.294010402,-0.195810622,-0.3936,0.197789378,-3.191390014,-3.3475,0.156109986
130,s005f050w1,aryl,aryl,f,w,s005f050w1,s005f050w1,-1.116131301,-3.0576,1.941468699,-0.007003528,-1.8228,1.815796472,2.390590766,2.2984,0.092190766,-0.285321301,-0.432,0.146678699,-3.214397239,-3.1013,-0.113097239
162,s005y166y1,aryl,aryl,y,y,s005y166y1,s005y166y1,-0.949125941,-3.1268,2.177674059,1.458211734,-1.2752,2.733411734,4.38415425,4.5321,-0.14794575,-0.497456837,-0.5705,0.073043163,-6.294035024,-5.8132,-0.480835024
172,s006f061f1,aryl,aryl,f,f,s006f061f1,s006f061f1,1.915499911,-3.5608,5.476299911,0.138898129,-4.1435,4.282398129,11.31146529,10.4319,0.87956529,-0.679664326,-1.1021,0.422435674,-8.855199178,-8.7471,-0.108099178
188,s006w026y1,aryl,aryl,w,y,s006w026y1,s006w026y1,0.063593109,-1.1454,1.208993109,0.308478435,-1.0669,1.375378435,3.099443129,3.4415,-0.342056871,-0.123048546,-0.3459,0.222851454,-3.22127991,-3.1741,-0.04717991
200,s007f021f1,aryl,aryl,f,f,s007f021f1,s007f021f1,-1.166095612,-2.8883,1.722204388,-0.288385195,-1.7604,1.472014805,3.609474439,3.5814,0.028074439,-0.317587853,-0.5443,0.226712147,-4.169597066,-4.165,-0.004597066
204,s007f035f1,aryl,aryl,f,f,s007f035f1,s007f035f1,-0.462777673,-1.1406,0.677822327,-0.926029423,-1.5544,0.628370577,3.014247203,3.365,-0.350752797,-0.088124594,-0.362,0.273875406,-2.462870922,-2.5891,0.126229078
207,s007f111f1,aryl,aryl,f,f,s007f111f1,s007f111f1,0.065256988,-0.7911,0.856356988,-0.228270758,-1.0776,0.849329242,2.74789849,3.2194,-0.47150151,-0.112220908,-0.3646,0.252379092,-2.3421499,-2.5683,0.2261501
241,s007y053y1,aryl,aryl,y,y,s007y053y1,s007y053y1,-2.794736534,-1.936,-0.858736534,-2.35582005,-1.2,-1.15582005,3.076928931,3.2965,-0.219571069,-0.194578338,-0.4603,0.265721662,-3.321267015,-3.5721,0.250832985
279,s008w035f1,aryl,aryl,w,f,s008w035f1,s008w035f1,-6.643079515,-3.4374,-3.205679515,-5.531251358,-2.1475,-3.383751358,3.816025853,3.9873,-0.171274147,-0.472920521,-0.6119,0.138979479,-4.454933489,-4.6652,0.210266511
280,s008w250f1,aryl,aryl,w,f,s008w250f1,s008w250f1,1.39924399,-3.3041,4.70334399,2.17084447,-2.4976,4.66844447,4.669757926,4.6447,0.025057926,-0.365211087,-0.6327,0.267488913,-5.07614732,-4.8185,-0.25764732
282,s008y052y1,aryl,aryl,y,y,s008y052y1,s008y052y1,-1.850338052,-1.5433,-0.307038052,-1.553387357,-1.0491,-0.504287357,2.722519065,3.0052,-0.282680935,-0.096475301,-0.3832,0.286724699,-2.922994396,-3.1162,0.193205604
325,s009y053y1,aryl,aryl,y,y,s009y053y1,s009y053y1,0.60637264,-2.5728,3.17917264,1.462144276,-1.4447,2.906844276,3.732519533,3.8388,-0.106280467,-0.288244008,-0.5653,0.277055992,-4.300047162,-4.4016,0.101552838
327,s009y121y1,aryl,aryl,y,y,s009y121y1,s009y121y1,-2.704143543,-4.0297,1.325556457,0.286888043,-1.4727,1.759588043,4.113649981,4.4406,-0.326950019,-0.360683423,-0.5552,0.194516577,-6.743998206,-6.4424,-0.301598206
330,s009y303w1,aryl,aryl,y,w,s009y303w1,s009y303w1,1.412366082,-2.3704,3.782766082,1.403664163,-2.1344,3.538064163,5.703354403,5.8033,-0.099945597,-0.253085998,-0.6329,0.379814002,-5.441566548,-5.4064,-0.035166548
355,s010w032f1,aryl,aryl,w,f,s010w032f1,s010w032f1,-4.615145597,-2.8009,-1.814245597,-3.629197642,-1.8486,-1.780597642,3.729040234,3.8073,-0.078259766,-0.261921073,-0.4368,0.174878927,-4.453067116,-4.3228,-0.130267116
358,s010w052y1,aryl,aryl,w,y,s010w052y1,s010w052y1,7.259818015,-0.9328,8.192618015,7.38813047,-0.9731,8.36123047,2.599151435,3.0837,-0.484548565,-0.156988954,-0.3738,0.216811046,-2.570474936,-2.6696,0.099125064
359,s010w058f1,aryl,aryl,w,f,s010w058f1,s010w058f1,-0.266082778,-1.6501,1.384017222,-0.317321605,-1.2813,0.963978395,2.409147008,2.5367,-0.127552992,-0.094714411,-0.353,0.258285589,-2.263193771,-2.5526,0.289406229
364,s010y052y1,aryl,aryl,y,y,s010y052y1,s010y052y1,-1.004425633,-3.0899,2.085474367,-0.670696096,-2.4143,1.743603904,5.478222463,5.3975,0.080722463,-0.522856971,-0.7344,0.211543029,-5.289095092,-5.3387,0.049604908
365,s010y163y1,aryl,aryl,y,y,s010y163y1,s010y163y1,2.755101249,-0.8496,3.604701249,3.817878672,0.1616,3.656278672,2.312702705,2.4745,-0.161797295,-0.352295694,-0.3011,-0.051195694,-3.023184435,-3.1847,0.161515565
372,s011f044y1,aryl,aryl,f,y,s011f044y1,s011f044y1,0.537712468,-0.7644,1.302112468,0.813796153,-0.3712,1.184996153,2.192448793,2.4008,-0.208351207,-0.113511236,-0.2822,0.168688764,-2.355021242,-2.5118,0.156778758
415,s012f026f1,aryl,aryl,f,f,s012f026f1,s012f026f1,-4.072172482,-3.0102,-1.061972482,-3.231526483,-1.945,-1.286526483,4.02660293,3.9539,0.07270293,-0.41802657,-0.5916,0.17357343,-4.449222298,-4.4274,-0.021822298
416,s012f040f1,aryl,aryl,f,f,s012f040f1,s012f040f1,-0.731906964,-1.4057,0.673793036,-0.22065843,-0.8445,0.62384157,1.465650056,1.6294,-0.163749944,-0.053292508,-0.1973,0.144007492,-1.923606082,-1.9933,0.069693918
417,s012f116f1,aryl,aryl,f,f,s012f116f1,s012f116f1,-0.168148728,-1.0887,0.920551272,-0.737715669,-1.4898,0.752084331,3.451676073,3.8179,-0.366223927,-0.122027541,-0.4243,0.302272459,-2.760081591,-2.9925,0.232418409
464,s013f060y1,aryl,aryl,f,y,s013f060y1,s013f060y1,-1.560844441,-2.1094,0.548555559,-0.102826543,-0.8509,0.748073457,1.53994706,1.7609,-0.22095294,-0.123305695,-0.2438,0.120494305,-2.874659326,-2.7756,-0.099059326
519,s014y021f1,aryl,aryl,y,f,s014y021f1,s014y021f1,-0.588507652,-1.3872,0.798692348,-0.354338269,-0.8472,0.492861731,2.243540659,2.4121,-0.168559341,-0.13064801,-0.3303,0.19965199,-2.347062095,-2.6218,0.274737905
522,s014y082f1,aryl,aryl,y,f,s014y082f1,s014y082f1,-3.404125629,-2.785,-0.619125629,-2.315355273,-1.6166,-0.698755273,3.4704264,3.6693,-0.1988736,-0.228145007,-0.5186,0.290454993,-4.331051749,-4.3192,-0.011851749
558,s015w096y1,aryl,aryl,w,y,s015w096y1,s015w096y1,-26.34113451,-4.1209,-22.22023451,-24.50514682,-2.8162,-21.68894682,4.78205884,4.9555,-0.17344116,-0.891194764,-0.6868,-0.204394764,-5.726851768,-5.5734,-0.153451768
564,s016f176f1,aryl,aryl,f,f,s016f176f1,s016f176f1,-2.624801313,-2.9319,0.307098687,-3.639252953,-3.0668,-0.572452953,7.354835509,6.6767,0.678135509,-0.695953975,-0.9202,0.224246025,-5.644429831,-5.6216,-0.022829831
594,s017f025y1,aryl,aryl,f,y,s017f025y1,s017f025y1,-0.157890609,-1.6806,1.522709391,0.633641845,-0.7944,1.428041845,1.192280434,1.2698,-0.077519566,-0.068465584,-0.1686,0.100134416,-1.915347303,-1.9874,0.072052697
596,s017f081f1,aryl,aryl,f,f,s017f081f1,s017f081f1,-1.972741214,-2.4983,0.525558786,-1.789029169,-2.1359,0.346870831,4.568055926,4.6417,-0.073644074,-0.344340625,-0.5984,0.254059375,-4.407427347,-4.4057,-0.001727347
675,s019y050w1,aryl,aryl,y,w,s019y050w1,s019y050w1,1.625847229,-3.8765,5.502347229,3.974575525,-1.8734,5.847975525,6.870545127,7.0264,-0.155854873,-0.734855775,-0.8569,0.122044225,-8.484417586,-8.1726,-0.311817586
677,s020f135f1,aryl,aryl,f,f,s020f135f1,s020f135f1,-0.28529231,-2.3961,2.11080769,-0.327489615,-1.7323,1.404810385,3.901417873,3.6027,0.298717873,-0.281464435,-0.5898,0.308335565,-3.577756134,-3.6767,0.098943866
707,s021f072f1,aryl,aryl,f,f,s021f072f1,s021f072f1,-1.700884558,-2.9051,1.204215442,-0.216980025,-1.3862,1.169219975,2.349670299,2.4538,-0.104129701,-0.248875473,-0.4067,0.157824527,-3.584699296,-3.566,-0.018699296
711,s021f082f1,aryl,aryl,f,f,s021f082f1,s021f082f1,-0.592704184,-2.842,2.249295816,-0.232215348,-2.2768,2.044584652,4.937202505,4.7338,0.203402505,-0.450688698,-0.6334,0.182711302,-4.847002705,-4.6656,-0.181402705
739,s021y088f1,aryl,aryl,y,f,s021y088f1,s021y088f1,-4.937034962,-2.27,-2.667034962,-4.438208983,-1.5497,-2.888508983,4.022807434,4.1921,-0.169292566,-0.322118968,-0.5751,0.252981032,-4.199514383,-4.3373,0.137785617
742,s022f039w1,aryl,aryl,f,w,s022f039w1,s022f039w1,0.157923176,-1.864,2.021923176,0.581850191,-1.0577,1.639550191,3.019026369,2.8132,0.205826369,-0.18923323,-0.4063,0.21706677,-3.253720091,-3.2131,-0.040620091
744,s022f041f1,aryl,aryl,f,f,s022f041f1,s022f041f1,-2.934505319,-1.6596,-1.274905319,-2.394827897,-1.0587,-1.336127897,1.928860641,2.14,-0.211139359,-0.13504666,-0.2602,0.12515334,-2.333491404,-2.4806,0.147108596
750,s022f168y1,aryl,aryl,f,y,s022f168y1,s022f168y1,-1.134555893,-2.8089,1.674344107,-0.693600223,-2.2414,1.547799777,4.307128186,4.3486,-0.041471814,-0.330491575,-0.598,0.267508425,-4.417592219,-4.3181,-0.099492219
772,s022w039y1,aryl,aryl,w,y,s022w039y1,s022w039y1,3.904331481,-1.8,5.704331481,4.479583446,-0.9555,5.435083446,2.575211118,2.7218,-0.146588882,-0.167769216,-0.3619,0.194130784,-2.98269393,-3.2045,0.22180607
773,s022w040w1,aryl,aryl,w,w,s022w040w1,s022w040w1,-0.645962933,-2.5034,1.857437067,0.368651732,-1.0488,1.417451732,2.022798584,1.9806,0.042198584,-0.157021333,-0.3329,0.175878667,-2.880391915,-3.1023,0.221908085
800,s023y031y1,aryl,aryl,y,y,s023y031y1,s023y031y1,-2.712929421,-3.7838,1.070870579,-0.608033632,-1.7802,1.172166368,5.518108684,5.4584,0.059708684,-0.286611504,-0.6166,0.329988496,-7.336393033,-6.8455,-0.490893033
810,s024f099w1,aryl,aryl,f,w,s024f099w1,s024f099w1,1.337906555,-3.2462,4.584106555,3.169577612,-1.564,4.733577612,2.17337455,2.2234,-0.05002545,-0.349417288,-0.4989,0.149482712,-3.655628256,-3.4067,-0.248928256
876,s025w146f1,aryl,aryl,w,f,s025w146f1,s025w146f1,3.304547967,-4.7596,8.064147967,5.999862146,-3.3202,9.320062146,8.09576222,8.3078,-0.21203778,-0.985286319,-0.9203,-0.064986319,-9.80579008,-8.827,-0.97879008
879,s025y081f1,aryl,aryl,y,f,s025y081f1,s025y081f1,-0.775912159,-1.6518,0.875887841,-0.407233632,-1.3886,0.981366368,2.760509923,3.2656,-0.505090077,-0.169664517,-0.3521,0.182435483,-2.959523995,-3.1767,0.217176005
886,s026f030w1,aryl,aryl,f,w,s026f030w1,s026f030w1,0.17236854,-1.8988,2.07116854,0.808692319,-0.9801,1.788792319,1.752052727,1.8035,-0.051447273,-0.086247553,-0.2366,0.150352447,-2.302128954,-2.4856,0.183471046
887,s026f036f1,aryl,aryl,f,f,s026f036f1,s026f036f1,-1.998508812,-1.5083,-0.490208812,-1.258948607,-0.9151,-0.343848607,2.00724311,2.3471,-0.33985689,-0.081317976,-0.2765,0.195182024,-2.665485276,-2.6639,-0.001585276
910,s026y069y1,aryl,aryl,y,y,s026y069y1,s026y069y1,-0.652586258,-2.6578,2.005213742,1.386084499,-1.4017,2.787784499,4.149140691,4.3785,-0.229359309,-0.390764393,-0.5605,0.169735607,-5.797047055,-5.0741,-0.722947055
971,s029f101w1,aryl,aryl,f,w,s029f101w1,s029f101w1,1.105849149,-1.4684,2.574249149,-0.332642205,-2.3098,1.977157795,5.196303969,5.2603,-0.063996031,-0.229827836,-0.5833,0.353472164,-3.527984716,-3.8356,0.307615284
973,s029f168y1,aryl,aryl,f,y,s029f168y1,s029f168y1,-2.048655286,-1.9588,-0.089855286,-1.012940118,-0.8798,-0.133140118,1.956171763,2.2373,-0.281128237,-0.168589735,-0.3264,0.157810265,-2.823297259,-2.99,0.166702741
993,s029w315f1,aryl,aryl,w,f,s029w315f1,s029w315f1,-0.561971995,-1.949,1.387028005,-0.636680074,-1.631,0.994319926,3.012473637,3.142,-0.129526363,-0.078097583,-0.3672,0.289102417,-2.859667975,-3.0927,0.233032025
1025,s030w036f1,aryl,aryl,w,f,s030w036f1,s030w036f1,-3.352202953,-3.6227,0.270497047,-2.605230906,-3.2955,0.690269094,7.146180024,7.3591,-0.212919976,-0.862732808,-0.9063,0.043567192,-7.030419264,-6.7799,-0.250519264
1028,s030w073f1,aryl,aryl,w,f,s030w073f1,s030w073f1,-0.771260376,-0.7025,-0.068760376,-0.531751093,-0.4162,-0.115551093,2.091208634,2.5155,-0.424291366,-0.092957976,-0.2969,0.203942024,-2.237759878,-2.505,0.267240122
1030,s030w103f1,aryl,aryl,w,f,s030w103f1,s030w103f1,1.473943974,-3.8387,5.312643974,2.351094661,-2.797,5.148094661,5.149911576,4.8809,0.269011576,-0.577221374,-0.7818,0.204578626,-5.449840951,-5.1408,-0.309040951
1043,s031f092w2,aryl,aryl,f,w,s031f092w2,s031f092w2,2.456180015,-2.8955,5.351680015,0.52199328,-4.6431,5.16509328,12.27011862,11.8454,0.42471862,-1.254203765,-1.4176,0.163396235,-9.081728121,-8.6801,-0.401628121
1044,s031f095y1,aryl,aryl,f,y,s031f095y1,s031f095y1,-1.521811808,-2.4337,0.911888192,-1.163223921,-1.8159,0.652676079,3.55310009,3.6106,-0.05749991,-0.196154492,-0.4833,0.287145508,-3.715533422,-3.7451,0.029566578
1070,s031y037f2,aryl,aryl,y,f,s031y037f2,s031y037f2,-2.383087874,-3.119,0.735912126,-2.155329031,-2.6429,0.487570969,6.001617577,5.6176,0.384017577,-0.990982324,-0.8156,-0.175382324,-5.238394033,-5.2782,0.039805967
1098,s032w073f1,aryl,aryl,w,f,s032w073f1,s032w073f1,4.403105315,-3.4192,7.822305315,4.769598572,-2.3896,7.159198572,7.296556383,6.7796,0.516956383,-0.715997894,-0.8263,0.110302106,-6.947051684,-6.9829,0.035848316
1106,s033f058f1,aryl,aryl,f,f,s033f058f1,s033f058f1,-1.052301687,-0.7643,-0.288001687,-0.373600197,-0.3028,-0.070800197,1.55780138,1.8283,-0.27049862,-0.043562054,-0.1994,0.155837946,-2.192940816,-2.0904,-0.102540816
1131,s034f045w1,aryl,aryl,f,w,s034f045w1,s034f045w1,-2.435111515,-5.1674,2.732288485,-0.074164727,-3.3277,3.253535273,6.511260088,6.4985,0.012760088,-1.123107407,-0.9472,-0.175907407,-7.749099469,-7.391,-0.358099469
1158,s034w037w1,aryl,aryl,w,w,s034w037w1,s034w037w1,11.13752028,-3.1478,14.28532028,13.73515624,-0.5851,14.32025624,3.455120859,3.5895,-0.134379141,-0.389576786,-0.4957,0.106123214,-5.663180033,-5.6566,-0.006580033
1166,s035f047y1,aryl,aryl,f,y,s035f047y1,s035f047y1,-0.675595302,-2.4938,1.818204698,0.456254999,-1.6429,2.099154999,3.133221893,3.2386,-0.105378107,-0.383790672,-0.5184,0.134609328,-3.881281523,-3.5711,-0.310181523
1182,s035w058f1,aryl,aryl,w,f,s035w058f1,s035w058f1,-9.299777594,-4.5997,-4.700077594,-8.5918085,-4.1088,-4.4830085,8.452988997,8.1017,0.351288997,-1.63177974,-1.2077,-0.42407974,-7.529178414,-7.3849,-0.144278414
1194,s036f303w1,aryl,aryl,f,w,s036f303w1,s036f303w1,-0.506956999,-1.5578,1.050843001,-0.105266388,-1.0069,0.901633612,1.725812246,1.945,-0.219187754,-0.041134131,-0.2369,0.195765869,-2.086368789,-2.2591,0.172731211
1218,s036w047f1,aryl,aryl,w,f,s036w047f1,s036w047f1,0.169755191,-0.7606,0.930355191,0.612353656,-0.3821,0.994453656,2.06900875,2.4787,-0.40969125,-0.076811334,-0.3078,0.230988666,-2.434795882,-2.5494,0.114604118
1245,s038f042f1,aryl,aryl,f,f,s038f042f1,s038f042f1,0.026559,-3.2943,3.320859,1.481364225,-1.6792,3.160564225,4.022113419,3.9907,0.031413419,-0.31327925,-0.5543,0.24102075,-5.163639394,-5.0515,-0.112139394
1248,s038f049f1,aryl,aryl,f,f,s038f049f1,s038f049f1,-0.271782298,-1.2582,0.986417702,0.163103502,-0.8295,0.992603502,2.845677172,3.0611,-0.215422828,-0.143680809,-0.3671,0.223419191,-3.136882226,-3.1227,-0.014182226
1271,s038w063w1,aryl,aryl,w,w,s038w063w1,s038w063w1,-18.85511554,-5.175,-13.68011554,-13.93994777,-2.1168,-11.82314777,7.147199775,7.7036,-0.556400225,-1.492911793,-1.0647,-0.428211793,-10.56945582,-9.697,-0.87245582
1273,s038w068y1,aryl,aryl,w,y,s038w068y1,s038w068y1,-1.67907021,-1.9813,0.30222979,-1.504959417,-1.4508,-0.054159417,3.708114364,3.9352,-0.227085636,-0.136826501,-0.4542,0.317373499,-3.74539872,-4.0115,0.26610128
1276,s038w081y1,aryl,aryl,w,y,s038w081y1,s038w081y1,12.80340408,-2.5687,15.37210408,11.83353857,-3.258,15.09153857,9.275528359,9.785,-0.509471641,-1.115646118,-1.8641,0.748453882,-7.190016735,-7.2316,0.041583265
1279,s038y060y1,aryl,aryl,y,y,s038y060y1,s038y060y1,-2.131248593,-2.7859,0.654651407,-1.453983325,-2.0054,0.551416675,5.096088893,5.2502,-0.154111107,-0.45789246,-0.7071,0.24920754,-5.315461638,-5.3237,0.008238362
1310,s040f052y1,aryl,aryl,f,y,s040f052y1,s040f052y1,-3.809873529,-2.4645,-1.345373529,-3.509943087,-2.2632,-1.246743087,3.475423496,3.649,-0.173576504,-0.330937853,-0.566,0.235062147,-3.444416149,-3.2844,-0.160016149
1311,s040f116f1,aryl,aryl,f,f,s040f116f1,s040f116f1,-0.89704639,-2.3729,1.47585361,0.279421734,-1.1352,1.414621734,1.704264461,1.7728,-0.068535539,-0.228727013,-0.3236,0.094872987,-2.652005572,-2.6869,0.034894428
1312,s040f133f1,aryl,aryl,f,f,s040f133f1,s040f133f1,-1.515126046,-2.8899,1.374773954,-2.552641261,-3.0586,0.505958739,6.61373818,6.4029,0.21083818,-0.355975667,-0.8009,0.444924333,-5.220247298,-5.4333,0.213052702
1332,s040y045y1,aryl,aryl,y,y,s040y045y1,s040y045y1,-6.358707057,-3.485,-2.873707057,-5.428903786,-2.4986,-2.930303786,5.032431026,5.1347,-0.102268974,-0.328703137,-0.6622,0.333496863,-5.63353116,-5.459,-0.17453116
1336,s040y082f1,aryl,aryl,y,f,s040y082f1,s040y082f1,-0.558524196,-0.4599,-0.098624196,-0.201467095,-0.9184,0.716932905,2.876208059,3.4234,-0.547191941,-0.024514292,-0.3229,0.298385708,-3.208750868,-2.6419,-0.566850868
1369,s042f049f1,aryl,aryl,f,f,s042f049f1,s042f049f1,1.352250766,-1.0962,2.448450766,2.198284104,-0.0013,2.199584104,3.559744374,3.44,0.119744374,-0.258269337,-0.3536,0.095330663,-4.147508375,-4.1813,0.033791625
1370,s042f054f1,aryl,aryl,f,f,s042f054f1,s042f054f1,0.282240527,-2.0405,2.322740527,-1.814733451,-2.7464,0.931666549,6.493217706,5.9475,0.545717706,-0.26874639,-0.8251,0.55635361,-4.127497275,-4.4165,0.289002725
1375,s042f077f1,aryl,aryl,f,f,s042f077f1,s042f077f1,-2.138144755,-1.6551,-0.483044755,-1.573392622,-0.9177,-0.655692622,1.495638093,1.581,-0.085361907,-0.113211479,-0.2193,0.106088521,-1.947178684,-2.0991,0.151921316
1376,s042f085f1,aryl,aryl,f,f,s042f085f1,s042f085f1,-1.320591132,-1.6846,0.364008868,-0.164880018,-0.6166,0.451719982,1.119726876,1.1442,-0.024473124,-0.072229078,-0.15,0.077770922,-2.203208975,-2.0622,-0.141008975
1381,s042f092y1,aryl,aryl,f,y,s042f092y1,s042f092y1,-2.19828994,-2.6862,0.48791006,-0.735354512,-1.3927,0.657345488,2.227164917,2.5157,-0.288535083,-0.218474291,-0.3545,0.136025709,-3.471625992,-3.4546,-0.017025992
1402,s043f065f1,aryl,aryl,f,f,s043f065f1,s043f065f1,0.003874436,-1.6677,1.671574436,-0.127433328,-1.5692,1.441766672,3.119806132,3.3009,-0.181093868,-0.124325571,-0.3631,0.238774429,-2.864172797,-3.0364,0.172227203
1403,s043f068w1,aryl,aryl,f,w,s043f068w1,s043f068w1,-0.678520394,-1.8045,1.125979606,0.255034323,-1.1313,1.386334323,2.342167219,2.7221,-0.379932781,-0.109473776,-0.3513,0.241826224,-3.16624816,-3.044,-0.12224816
1404,s043f073f1,aryl,aryl,f,f,s043f073f1,s043f073f1,1.208403921,-1.3526,2.561003921,-0.609701214,-2.099,1.489298786,5.661588881,5.3078,0.353788881,-0.185775893,-0.659,0.473224107,-3.657707854,-3.9024,0.244692146
1420,s043y186y1,aryl,aryl,y,y,s043y186y1,s043y186y1,5.701447242,-2.3979,8.099347242,6.179307693,-1.4421,7.621407693,3.978826147,3.8437,0.135126147,-0.387084858,-0.6311,0.244015142,-4.069601678,-4.1684,0.098798322
1441,s044w048y1,aryl,aryl,w,y,s044w048y1,s044w048y1,-15.32721774,-2.8769,-12.45031774,-13.45598155,-1.2181,-12.23788155,2.133078634,2.1505,-0.017421366,-0.526686164,-0.3985,-0.128186164,-3.477628594,-3.4107,-0.066928594
1442,s044w085f1,aryl,aryl,w,f,s044w085f1,s044w085f1,-11.86683736,-4.7396,-7.12723736,-8.458951377,-2.5318,-5.927151377,7.29902296,7.2594,0.03962296,-1.451062124,-0.8334,-0.617662124,-9.255846821,-8.6339,-0.621946821
1443,s044w147y1,aryl,aryl,w,y,s044w147y1,s044w147y1,-2.59849689,-1.3158,-1.28269689,-2.172586787,-0.7154,-1.457186787,2.141568081,2.3178,-0.176231919,-0.097758037,-0.3409,0.243141963,-2.469720148,-2.5773,0.107579852
1453,s045f066f1,aryl,aryl,f,f,s045f066f1,s045f066f1,-0.621640154,-1.7094,1.087759846,-0.346475882,-1.3232,0.976724118,2.418803794,2.6682,-0.249396206,-0.099356405,-0.3227,0.223343595,-2.594611724,-2.7317,0.137088276
1481,s046f107f1,aryl,aryl,f,f,s046f107f1,s046f107f1,-1.296660353,-2.9191,1.622439647,0.131912297,-1.475,1.606912297,2.815922251,2.8434,-0.027477749,-0.22561317,-0.4366,0.21098683,-4.018881794,-3.8509,-0.167981794
1484,s046f161y1,aryl,aryl,f,y,s046f161y1,s046f161y1,-3.590579033,-2.1889,-1.401679033,-1.907825963,-0.8971,-1.010725963,2.282594188,2.4172,-0.134605812,-0.147399687,-0.3047,0.157300313,-3.817947572,-3.4043,-0.413647572
1508,s047w083y1,aryl,aryl,w,y,s047w083y1,s047w083y1,1.599773537,-1.969,3.568773537,1.137521395,-1.8458,2.983321395,4.103428885,4.1364,-0.032971115,-0.191540296,-0.5171,0.325559704,-3.449636447,-3.7426,0.292963553
1509,s047y052f1,aryl,aryl,y,f,s047y052f1,s047y052f1,-0.952315398,-0.7762,-0.176115398,-0.633003552,-0.4182,-0.214803552,2.590281848,2.934,-0.343718152,-0.10435325,-0.3485,0.24414675,-2.805240444,-2.9434,0.138159556
1512,s047y058y1,aryl,aryl,y,y,s047y058y1,s047y058y1,-1.81960806,-3.2956,1.47599194,-0.568391571,-1.8515,1.283108429,4.57282844,4.5367,0.03612844,-0.330058098,-0.5372,0.207141902,-5.493986831,-5.4437,-0.050286831
1515,s047y111f1,aryl,aryl,y,f,s047y111f1,s047y111f1,1.169105918,-1.3812,2.550305918,2.132447808,-0.4822,2.614647808,2.512886688,2.7314,-0.218513312,-0.223652985,-0.4044,0.180747015,-3.252575656,-3.226,-0.026575656
1516,s047y136y1,aryl,aryl,y,y,s047y136y1,s047y136y1,3.079160509,3.7388,-0.659639491,3.427707581,2.8064,0.621307581,2.366286311,3.2355,-0.869213689,-0.426913978,-0.5823,0.155386022,-2.287919342,-1.7207,-0.567219342
1519,s048f058f1,aryl,aryl,f,f,s048f058f1,s048f058f1,-0.777225453,-1.7182,0.940974547,-0.628834755,-1.2743,0.645465245,2.471411323,2.5439,-0.072488677,-0.140983751,-0.3128,0.171816249,-2.47881827,-2.6749,0.19608173
1521,s048f105y1,aryl,aryl,f,y,s048f105y1,s048f105y1,-1.404421618,-1.8129,0.408478382,-0.34147979,-0.7687,0.42722021,1.41177711,1.5218,-0.11002289,-0.171014897,-0.2535,0.082485103,-2.303704104,-2.3125,0.008795896
1544,s049f056f1,aryl,aryl,f,f,s049f056f1,s049f056f1,1.122285193,-1.6754,2.797685193,0.766635763,-1.4592,2.225835763,3.036771253,3.0017,0.035071253,-0.148656005,-0.4624,0.313743995,-2.532465755,-2.7556,0.223134245
1561,s049y054f1,aryl,aryl,y,f,s049y054f1,s049y054f1,-0.319977059,-1.0438,0.723822941,-0.189658298,-1.0405,0.850841702,2.439042488,2.8805,-0.441457512,-0.069205281,-0.3132,0.243994719,-2.500155968,-2.5706,0.070444032
1568,s050f071f1,aryl,aryl,f,f,s050f071f1,s050f071f1,0.209315112,-1.2391,1.448415112,-0.962671407,-2.0056,1.042928593,4.606560769,4.9116,-0.305039231,-0.14888429,-0.5874,0.43851571,-3.285689898,-3.5577,0.272010102
1592,s051f175f1,aryl,aryl,f,f,s051f175f1,s051f175f1,1.097261748,-1.071,2.168261748,-0.362226948,-1.6392,1.276973052,4.633823762,4.5489,0.084923762,-0.121266634,-0.6023,0.481033366,-3.053068495,-3.3785,0.325431505
1608,s051w107f1,aryl,aryl,w,f,s051w107f1,s051w107f1,3.965283944,-2.4017,6.366983944,3.687362688,-2.1526,5.839962688,5.537882715,5.6035,-0.065617285,-0.468490496,-0.6829,0.214409504,-4.791470963,-5.1697,0.378229037
1611,s052f071f1,aryl,aryl,f,f,s052f071f1,s052f071f1,-0.08262418,-0.995,0.91237582,0.382230707,-0.6403,1.022530707,2.280347989,2.6429,-0.362552011,-0.079241265,-0.2745,0.195258735,-2.665961611,-2.723,0.057038389
1614,s052f111f1,aryl,aryl,f,f,s052f111f1,s052f111f1,-0.036273391,-1.0243,0.988026609,0.34103803,-0.5962,0.93723803,2.209846231,2.4934,-0.283553769,-0.099817994,-0.2788,0.178982006,-2.487339657,-2.6427,0.155360343
1633,s052y058f1,aryl,aryl,y,f,s052y058f1,s052y058f1,-2.387692281,-1.6417,-0.745992281,-1.048435722,-0.4584,-0.590035722,1.299370839,1.4836,-0.184229161,-0.126869895,-0.2256,0.098730105,-2.511757439,-2.4412,-0.070557439
1635,s052y116f1,aryl,aryl,y,f,s052y116f1,s052y116f1,-2.275530735,-1.7004,-0.575130735,-1.412955994,-0.8361,-0.576855994,2.813658545,3.0158,-0.202141455,-0.200132026,-0.432,0.231867974,-3.476101322,-3.4481,-0.028001322
1653,s053y092y1,aryl,aryl,y,y,s053y092y1,s053y092y1,-7.816996663,-2.5577,-5.259296663,-7.158899951,-2.0419,-5.116999951,2.611555667,2.759,-0.147444333,-0.400261103,-0.497,0.096738897,-2.869391275,-2.7779,-0.091491275
1692,s056f062f1,aryl,aryl,f,f,s056f062f1,s056f062f1,-2.631681788,-1.3105,-1.321181788,-2.491836511,-1.2253,-1.266536511,3.053254674,3.4749,-0.421645326,-0.230551909,-0.4214,0.190848091,-2.962548043,-3.1388,0.176251957
1693,s056f129f1,aryl,aryl,f,f,s056f129f1,s056f129f1,-0.886245295,-1.9508,1.064554705,-0.623976588,-1.2943,0.670323412,2.56787376,2.5756,-0.00772624,-0.149410448,-0.384,0.234589552,-2.680731957,-2.8481,0.167368043
1694,s056f152f1,aryl,aryl,f,f,s056f152f1,s056f152f1,-1.358914126,-1.1443,-0.214614126,-1.037141538,-0.7252,-0.311941538,1.722426507,1.9498,-0.227373493,-0.110915771,-0.262,0.151084229,-1.933283324,-2.1069,0.173616676
1704,s056y062y1,aryl,aryl,y,y,s056y062y1,s056y062y1,13.35500833,-4.0992,17.45420833,16.39354079,-1.5197,17.91324079,4.327840769,4.4569,-0.129059231,-0.679761024,-0.62,-0.059761024,-6.686612202,-6.4164,-0.270212202
1711,s057f116f1,aryl,aryl,f,f,s057f116f1,s057f116f1,0.066625628,-1.0206,1.087225628,0.750482721,-0.2676,1.018082721,1.339139216,1.4942,-0.155060784,-0.064417832,-0.1802,0.115782168,-1.958578539,-2.067,0.108421461
1722,s058f062y1,aryl,aryl,f,y,s058f062y1,s058f062y1,-4.089659778,-3.705,-0.384659778,-3.369417474,-2.9369,-0.432517474,6.372232506,6.3863,-0.014067494,-0.486726399,-0.8315,0.344773601,-6.605748348,-6.3229,-0.282848348
1723,s058f070w1,aryl,aryl,f,w,s058f070w1,s058f070w1,-4.213710253,-4.1281,-0.085610253,-1.532838112,-2.1651,0.632261888,4.865317046,5.1909,-0.325582954,-0.719791257,-0.7561,0.036308743,-6.82639793,-6.3977,-0.42869793
1724,s058f081f1,aryl,aryl,f,f,s058f081f1,s058f081f1,-2.327676738,-2.3614,0.033723262,-0.05898111,-0.6638,0.60481889,1.613776765,1.8123,-0.198523235,-0.116196748,-0.2252,0.109003252,-3.766275645,-3.2847,-0.481575645
1749,s059f120w1,aryl,aryl,f,w,s059f120w1,s059f120w1,-0.349021148,-1.9526,1.603578852,-1.075142562,-1.8097,0.734557438,3.673010445,3.4736,0.199410445,-0.103229209,-0.5253,0.422070791,-2.843659822,-3.0912,0.247540178
1813,s062f120y1,aryl,aryl,f,y,s062f120y1,s062f120y1,-0.402639454,-1.7009,1.298260546,0.787732125,-1.1743,1.962032125,2.710046059,3.223,-0.512953941,-0.25715521,-0.4281,0.17094479,-3.643262365,-3.3215,-0.321762365
1836,s062w164f1,aryl,aryl,w,f,s062w164f1,s062w164f1,3.558337079,-4.9705,8.528837079,4.918570147,-3.8104,8.728970147,7.834915428,7.9243,-0.089384572,-0.947954587,-1.0219,0.073945413,-8.247193909,-8.0625,-0.184693909
1838,s062y077f1,aryl,aryl,y,f,s062y077f1,s062y077f1,-1.229468406,-2.4089,1.179431594,-0.414405267,-1.2847,0.870294733,3.919519553,3.9761,-0.056580447,-0.191036979,-0.4948,0.303763021,-4.543545713,-4.6055,0.061954287
1842,s062y095w1,aryl,aryl,y,w,s062y095w1,s062y095w1,-1.993667147,-2.1165,0.122832853,-2.049575389,-1.7948,-0.254775389,3.547857076,3.753,-0.205142924,-0.363938329,-0.7635,0.399561671,-3.128010506,-3.3112,0.183189494
1858,s063w081y1,aryl,aryl,w,y,s063w081y1,s063w081y1,-2.369213347,1.5617,-3.930913347,-7.277415688,-2.9257,-4.351715688,12.19863583,13.0155,-0.81686417,-1.813835122,-2.7461,0.932264878,-5.476598367,-5.782,0.305401633
1861,s063w136f1,aryl,aryl,w,f,s063w136f1,s063w136f1,1.152694847,-1.416,2.568694847,1.678439322,-0.7149,2.393339322,1.828193075,2.02,-0.191806925,-0.120697743,-0.2577,0.137002257,-2.233239807,-2.4634,0.230160193
1865,s064f125w1,aryl,aryl,f,w,s064f125w1,s064f125w1,-0.285710727,-3.1935,2.907789273,-1.185215349,-3.0865,1.901284651,4.898404242,4.7417,0.156704242,-0.294374306,-0.8421,0.547725694,-3.704525378,-4.0066,0.302074622
1875,s064y078f1,aryl,aryl,y,f,s064y078f1,s064y078f1,-1.006949125,-2.5217,1.514750875,-0.064773876,-1.4673,1.402526124,3.405745332,3.6163,-0.210554668,-0.230326134,-0.5027,0.272373866,-4.117594446,-4.1679,0.050305554
1878,s064y164f1,aryl,aryl,y,f,s064y164f1,s064y164f1,-3.555384566,-2.845,-0.710384566,-3.709250076,-2.497,-1.212250076,5.179607135,5.2281,-0.048492865,-0.260377548,-0.6641,0.403722452,-4.765364077,-4.912,0.146635923
1909,s066w109y1,aryl,aryl,w,y,s066w109y1,s066w109y1,5.258326508,-1.7204,6.978726508,5.742424749,-1.1441,6.886524749,2.636348819,2.8659,-0.229551181,-0.315536493,-0.4716,0.156063507,-2.80491063,-2.9706,0.16568937
1953,s069f080y1,aryl,aryl,f,y,s069f080y1,s069f080y1,0.063777029,-2.1879,2.251677029,0.394369192,-1.7489,2.143269192,4.111098253,4.1805,-0.069401747,-0.377524833,-0.5631,0.185575167,-4.064165582,-4.0565,-0.007665582
1954,s069f166y1,aryl,aryl,f,y,s069f166y1,s069f166y1,4.52244019,2.4512,2.07124019,1.929297758,0.8291,1.100197758,6.72620375,7.5331,-0.80689625,-0.896986025,-1.98,1.083013975,-3.236075356,-3.931,0.694924644
1968,s070f120y1,aryl,aryl,f,y,s070f120y1,s070f120y1,-2.911156107,-2.7956,-0.115556107,-2.198920954,-1.81,-0.388920954,3.567798713,3.5173,0.050498713,-0.376687058,-0.4701,0.093412942,-3.903346745,-4.0328,0.129453255
1991,s071w099w1,aryl,aryl,w,w,s071w099w1,s071w099w1,3.925130094,-6.843,10.76813009,4.489471591,-5.7725,10.26197159,11.25337303,9.9883,1.26507303,-2.793042409,-2.493,-0.300042409,-9.024672119,-8.5658,-0.458872119
1993,s071w125f1,aryl,aryl,w,f,s071w125f1,s071w125f1,2.961804267,-2.3483,5.310104267,2.90435545,-1.7566,4.66095545,4.512924906,4.3753,0.137624906,-0.220979584,-0.6244,0.403420416,-4.234496504,-4.3425,0.108003496
1995,s071w166y1,aryl,aryl,w,y,s071w166y1,s071w166y1,-0.665246384,-2.0384,1.373153616,0.639411644,-1.0439,1.683311644,2.243345444,2.466,-0.222654556,-0.269875702,-0.4935,0.223624298,-3.278127896,-2.9669,-0.311227896
2013,s073f077y1,aryl,aryl,f,y,s073f077y1,s073f077y1,-4.092765338,-2.8262,-1.266565338,-2.793147139,-1.4917,-1.301447139,2.615752889,2.787,-0.171247111,-0.248805005,-0.4244,0.175594995,-3.666566083,-3.6971,0.030533917
2023,s073w089y1,aryl,aryl,w,y,s073w089y1,s073w089y1,-2.545902977,-2.9309,0.384997023,-1.948197932,-2.762,0.813802068,7.288493887,7.7401,-0.451606113,-0.317562753,-0.9461,0.628537247,-7.568636179,-6.9629,-0.605736179
2048,s075f184f1,aryl,aryl,f,f,s075f184f1,s075f184f1,-0.427396274,-1.0224,0.595003726,0.08514993,-0.4937,0.57884993,2.452104026,2.7478,-0.295695974,-0.082330196,-0.3252,0.242869804,-2.882320097,-2.9513,0.068979903
2076,s076y136y1,aryl,aryl,y,y,s076y136y1,s076y136y1,-3.859019015,-1.7828,-2.076219015,-2.83979254,-0.6791,-2.16069254,1.376357433,1.4614,-0.085042567,-0.139253169,-0.2293,0.090046831,-2.256330741,-2.3358,0.079469259
2078,s076y143w1,aryl,aryl,y,w,s076y143w1,s076y143w1,-1.600516058,-5.6358,4.035283942,0.509469948,-3.4889,3.998369948,7.091851953,6.8121,0.279751953,-1.145508341,-1.0382,-0.107308341,-8.056329618,-7.9208,-0.135529618
2083,s077f089f1,aryl,aryl,f,f,s077f089f1,s077f089f1,-2.186091967,-2.5972,0.411108033,-1.475207257,-1.6442,0.168992743,3.209732592,3.1833,0.026432592,-0.271000872,-0.4244,0.153399128,-3.649616492,-3.7119,0.062283508
2086,s077f116f1,aryl,aryl,f,f,s077f116f1,s077f116f1,-1.564435122,-1.5383,-0.026135122,-0.084959045,-0.1799,0.094940955,1.644765538,1.8554,-0.210634462,-0.090018138,-0.2357,0.145681862,-3.034223415,-2.9781,-0.056123415
2106,s078f104w1,aryl,aryl,f,w,s078f104w1,s078f104w1,-2.838417562,-2.4332,-0.405217562,-2.60067946,-2.0474,-0.55327946,4.02402058,4.1612,-0.13717942,-0.285746934,-0.5004,0.214653066,-3.976011747,-4.0466,0.070588253
2120,s078y082f1,aryl,aryl,y,f,s078y082f1,s078y082f1,-4.361262297,-2.9744,-1.386862297,-2.971039436,-1.6315,-1.339539436,2.956396535,3.2289,-0.272503465,-0.332333224,-0.5063,0.173966776,-4.014286172,-4.0654,0.051113828
2123,s079f089f1,aryl,aryl,f,f,s079f089f1,s079f089f1,-1.148146853,-1.0791,-0.069046853,-0.892060401,-0.739,-0.153060401,1.965079,2.2962,-0.331121,-0.084395487,-0.2785,0.194104513,-2.136769965,-2.3578,0.221030035
2139,s079y146f1,aryl,aryl,y,f,s079y146f1,s079y146f1,-0.08153735,-2.6337,2.55216265,0.517660957,-1.7785,2.296160957,3.136909774,3.1284,0.008509774,-0.139958102,-0.405,0.265041898,-3.596149978,-3.5786,-0.017549978
2140,s079y153w1,aryl,aryl,y,w,s079y153w1,s079y153w1,1.948590685,-1.5194,3.467990685,1.998655207,-1.173,3.171655207,3.182090903,3.4087,-0.226609097,-0.081291684,-0.4189,0.337608316,-3.150863742,-3.3363,0.185436258
2147,s080f166f1,aryl,aryl,f,f,s080f166f1,s080f166f1,-0.388778167,-0.5322,0.143421833,0.233306069,0.0086,0.224706069,1.611765188,1.9347,-0.322934812,-0.069733197,-0.2052,0.135466803,-2.164116227,-2.2703,0.106183773
2153,s080w090y1,aryl,aryl,w,y,s080w090y1,s080w090y1,-4.966011908,-3.2145,-1.751511908,-5.494237267,-3.0618,-2.432437267,5.017692996,4.8618,0.155892996,-0.356495426,-0.6808,0.324304574,-4.132972212,-4.3337,0.200727788
2157,s080y129w1,aryl,aryl,y,w,s080y129w1,s080y129w1,4.794558201,-4.6307,9.425258201,8.403929102,-1.3579,9.761829102,5.744841,5.7834,-0.038559,-0.781137916,-0.7466,-0.034537916,-8.573073986,-8.3095,-0.263573986
2181,s082f102y1,aryl,aryl,f,y,s082f102y1,s082f102y1,-1.945858926,-2.935,0.989141074,-0.951911915,-1.8241,0.872188085,4.284075028,4.024,0.260075028,-0.313760605,-0.4717,0.157939395,-4.964261434,-4.6633,-0.300961434
2214,s083y087f1,aryl,aryl,y,f,s083y087f1,s083y087f1,-7.079310989,-3.0555,-4.023810989,-6.063917095,-2.1492,-3.914717095,4.677241867,4.8974,-0.220158133,-0.606681119,-0.712,0.105318881,-5.085954643,-5.0917,0.005745357
2215,s083y094y1,aryl,aryl,y,y,s083y094y1,s083y094y1,0.08343924,-0.9729,1.05633924,0.417910608,-0.6638,1.081710608,2.764710596,3.1513,-0.386589404,-0.285677031,-0.4229,0.137222969,-2.813504996,-3.0375,0.223995004
2291,s089y094y1,aryl,aryl,y,y,s089y094y1,s089y094y1,4.994290447,-1.3035,6.297790447,5.226043578,-1.1516,6.377643578,2.668978192,2.9805,-0.311521808,-0.192946273,-0.3812,0.188253727,-2.707785051,-2.7513,0.043514949
2322,s092f099w1,aryl,aryl,f,w,s092f099w1,s092f099w1,-2.964231312,-3.7981,0.833868688,-1.224164776,-2.1626,0.938435224,7.646790677,7.4464,0.200390677,-1.243830061,-0.9294,-0.314430061,-8.143027152,-8.1525,0.009472848
2375,s095y106y1,aryl,aryl,y,y,s095y106y1,s095y106y1,-2.463957752,-4.0332,1.569242248,-5.481110782,-7.6616,2.180489218,9.212566389,9.9973,-0.784733611,-1.806543008,-2.6164,0.809856992,-4.388870352,-3.7525,-0.636370352
2393,s097f181w1,aryl,aryl,f,w,s097f181w1,s097f181w1,-3.708472102,-2.7836,-0.924872102,-2.04075117,-1.3534,-0.68735117,1.814140087,1.8971,-0.082959913,-0.198578964,-0.3002,0.101621036,-3.283281992,-3.0272,-0.256081992
2403,s097w173y1,aryl,aryl,w,y,s097w173y1,s097w173y1,-0.700695804,-3.1718,2.471104196,2.689303168,-0.4123,3.101603168,1.69045237,1.7456,-0.05514763,-0.478600776,-0.3057,-0.172900776,-4.601850566,-4.1994,-0.402450566
2405,s097y101w1,aryl,aryl,y,w,s097y101w1,s097y101w1,-3.193033687,-4.0835,0.890466313,-3.036204495,-3.317,0.280795505,7.662657391,6.7884,0.874257391,-1.495837324,-1.0403,-0.455537324,-6.323649259,-6.5146,0.190950741
2516,s104w202f1,aryl,aryl,w,f,s104w202f1,s104w202f1,-1.476523501,-4.5368,3.060276499,0.101461605,-3.1483,3.249761605,9.081936138,8.7669,0.315036138,-0.864068379,-0.974,0.109931621,-9.795852865,-9.1814,-0.614452865
2536,s106f109f1,aryl,aryl,f,f,s106f109f1,s106f109f1,0.494465357,-2.3025,2.796965357,1.663096257,-1.1106,2.773696257,1.65009728,1.7087,-0.05860272,-0.201426182,-0.2438,0.042373818,-2.617301998,-2.6568,0.039498002
2553,s108f125w1,aryl,aryl,f,w,s108f125w1,s108f125w1,-1.89305455,-1.7478,-0.14525455,-1.392842674,-0.9683,-0.424542674,2.768282702,2.5981,0.170182702,-0.179933994,-0.3424,0.162466006,-3.088560522,-3.0352,-0.053360522
2554,s108f127f1,aryl,aryl,f,f,s108f127f1,s108f127f1,-2.668892413,-1.5908,-1.078092413,-1.934655792,-0.8192,-1.115455792,1.383877205,1.5428,-0.158922795,-0.112921072,-0.1881,0.075178928,-2.005192816,-2.1263,0.121107184
2566,s109f228y1,aryl,aryl,f,y,s109f228y1,s109f228y1,-3.61699032,-2.5487,-1.06829032,-2.48187043,-1.7428,-0.73907043,2.646565398,2.9871,-0.340534602,-0.364311377,-0.3965,0.032188623,-3.417373911,-3.3964,-0.020973911
2578,s110f128f1,aryl,aryl,f,f,s110f128f1,s110f128f1,-0.331404085,-1.5142,1.182795915,-0.37669327,-1.1488,0.77210673,3.588099153,3.7185,-0.130400847,-0.194738225,-0.5234,0.328661775,-3.348071744,-3.5605,0.212428256
2579,s110f222y1,aryl,aryl,f,y,s110f222y1,s110f222y1,-0.679298556,-3.2332,2.553901444,0.022977481,-2.5992,2.622177481,6.586638023,6.5867,-6.20E-05,-0.29690288,-0.7671,0.47019712,-6.992011118,-6.4537,-0.538311118
2633,s113w119f1,aryl,aryl,w,f,s113w119f1,s113w119f1,5.928591323,-1.8646,7.793191323,6.993060486,-0.9659,7.958960486,4.670096399,4.8448,-0.174703601,-0.479036449,-0.5738,0.094763551,-5.255529113,-5.1698,-0.085729113
2666,s117f125y1,aryl,aryl,f,y,s117f125y1,s117f125y1,-1.138083133,-2.0124,0.874316867,-0.010264394,-1.2406,1.230335606,2.5290258,3.0088,-0.4797742,-0.104374271,-0.3495,0.245125729,-3.552470268,-3.4311,-0.121370268
2717,s120y141f1,aryl,aryl,y,f,s120y141f1,s120y141f1,-0.521057238,-0.8942,0.373142762,-0.105175024,-0.7641,0.658924976,1.931685333,2.228,-0.296314667,-0.071852076,-0.225,0.153147924,-2.275715471,-2.1331,-0.142615471
2720,s121f219w1,aryl,aryl,f,w,s121f219w1,s121f219w1,-4.890803837,-1.4389,-3.451903837,-5.07465776,-1.5656,-3.50905776,3.127044846,3.5383,-0.411255154,-0.101704196,-0.4378,0.336095804,-2.841486727,-2.9738,0.132313273
2761,s126f171y1,aryl,aryl,f,y,s126f171y1,s126f171y1,-2.650951686,-2.6892,0.038248314,-2.307991686,-2.2144,-0.093591686,4.247239962,4.2906,-0.043360038,-0.455549375,-0.5281,0.072550625,-4.134650587,-4.2373,0.102649413
2762,s126f176y1,aryl,aryl,f,y,s126f176y1,s126f176y1,-0.8122077,-2.7301,1.9178923,-0.287320139,-2.033,1.745679861,4.755651004,4.8947,-0.139048996,-0.336576317,-0.6818,0.345223683,-4.943962311,-4.9101,-0.033862311
2781,s127f183y1,aryl,aryl,f,y,s127f183y1,s127f183y1,-0.064796215,-2.1114,2.046603785,0.717103988,-1.2212,1.938303988,2.889569291,3.0149,-0.125330709,-0.266623056,-0.4166,0.149976944,-3.404846438,-3.4884,0.083553562
2784,s127f239f1,aryl,aryl,f,f,s127f239f1,s127f239f1,-5.86908713,-3.189,-2.68008713,-4.37327955,-1.6696,-2.70367955,3.272829223,3.1909,0.081929223,-0.332485456,-0.4643,0.131814544,-4.436151285,-4.246,-0.190151285
2809,s129y136y2,aryl,aryl,y,y,s129y136y2,s129y136y2,-11.48510621,-3.4651,-8.02000621,-10.93010637,-2.6691,-8.26100637,6.285979368,5.9663,0.319679368,-0.916247514,-0.8479,-0.068347514,-5.924731696,-5.9144,-0.010331696
2854,s133w277y1,aryl,aryl,w,y,s133w277y1,s133w277y1,1.379428983,1.6399,-0.260471017,-5.235436751,-3.5732,-1.662236751,13.17794916,12.8448,0.33314916,-0.717926578,-1.3388,0.620873422,-5.845156853,-6.2929,0.447743147
2859,s135f147y1,aryl,aryl,f,y,s135f147y1,s135f147y1,-3.913870673,-3.2699,-0.643970673,-3.937142765,-2.8791,-1.058042765,7.377633462,7.1624,0.215233462,-0.419587413,-0.7707,0.351112587,-6.934773957,-6.7825,-0.152273957
2876,s136f146w1,aryl,aryl,f,w,s136f146w1,s136f146w1,8.327852633,-2.0911,10.41895263,6.476036003,-3.0804,9.556436003,8.974540391,8.8485,0.126040391,-0.234434879,-1.0579,0.823465121,-6.888288882,-6.8012,-0.087088882
2889,s138f153f1,aryl,aryl,f,f,s138f153f1,s138f153f1,-2.235531375,-2.684,0.448468625,-0.873965622,-1.4254,0.551434378,2.501182998,2.7945,-0.293317002,-0.237338509,-0.4348,0.197461491,-3.625410241,-3.6183,-0.007110241
2895,s138w146f1,aryl,aryl,w,f,s138w146f1,s138w146f1,0.107538126,-4.5498,4.657338126,2.932924458,-1.8155,4.748424458,3.221133451,3.3593,-0.138166549,-0.429070193,-0.7065,0.277429807,-5.617449653,-5.387,-0.230449653
2907,s141f152f1,aryl,aryl,f,f,s141f152f1,s141f152f1,1.942969289,-2.3726,4.315569289,1.975013643,-1.9497,3.924713643,4.417585944,4.4239,-0.006314056,-0.225296722,-0.5142,0.288903278,-4.224333514,-4.3325,0.108166486
2919,s142y148y1,aryl,aryl,y,y,s142y148y1,s142y148y1,5.353742778,-4.0381,9.391842778,8.069701957,-1.6322,9.701901957,4.504769414,4.6727,-0.167930586,-0.470564446,-0.6445,0.173935554,-6.750164147,-6.4342,-0.315964147
2921,s142y160f1,aryl,aryl,y,f,s142y160f1,s142y160f1,-0.285765006,-4.0822,3.796434994,-0.841975672,-4.0458,3.203824328,9.232276604,8.8512,0.381076604,-0.857251909,-1.1234,0.266148091,-7.818814029,-7.7641,-0.054714029
2944,s146f149f1,aryl,aryl,f,f,s146f149f1,s146f149f1,0.916289933,-2.807,3.723289933,2.761682093,-1.2049,3.966582093,2.165368592,2.3759,-0.210531408,-0.305649979,-0.3767,0.071050021,-3.705110773,-3.6014,-0.103710773
2947,s146f164w1,aryl,aryl,f,w,s146f164w1,s146f164w1,-0.093279569,-0.9271,0.833820431,-0.049381991,-0.7818,0.732418009,1.852414513,2.257,-0.404585487,-0.06800958,-0.2724,0.20439042,-1.828302511,-2.1298,0.301497489
2948,s146f165f1,aryl,aryl,f,f,s146f165f1,s146f165f1,-0.553048882,-0.7994,0.246351118,-0.126522574,-0.452,0.325477426,2.129937745,2.4409,-0.310962255,-0.12910756,-0.2671,0.13799244,-2.42735643,-2.5212,0.09384357
2956,s147f159f1,aryl,aryl,f,f,s147f159f1,s147f159f1,-0.853163935,-2.8085,1.955336065,-1.401502613,-2.5262,1.124697387,5.628028989,5.2371,0.390928989,-0.359529576,-0.7227,0.363170424,-4.720160734,-4.7967,0.076539266
2957,s147f182f1,aryl,aryl,f,f,s147f182f1,s147f182f1,-2.167346723,-1.8244,-0.342946723,-2.071348133,-1.4632,-0.608148133,2.781303202,2.8787,-0.097396798,-0.197720983,-0.3487,0.150979017,-2.679580808,-2.8912,0.211619192
2962,s148f165y1,aryl,aryl,f,y,s148f165y1,s148f165y1,-12.07918449,-3.582,-8.49718449,-10.33975405,-1.9097,-8.43005405,3.632507705,3.5177,0.114807705,-0.631109694,-0.5729,-0.058209694,-4.740828513,-4.6171,-0.123728513
2969,s149f164f1,aryl,aryl,f,f,s149f164f1,s149f164f1,-0.893163546,-0.8516,-0.041563546,-0.71719303,-0.5871,-0.13009303,1.733120425,2.0811,-0.347979575,-0.062597518,-0.2476,0.185002482,-1.846493423,-2.098,0.251506577
2970,s149f165f1,aryl,aryl,f,f,s149f165f1,s149f165f1,-1.233704784,-1.7843,0.550595216,-0.656618761,-0.9116,0.254981239,2.147401823,2.1256,0.021801823,-0.142804693,-0.2517,0.108895307,-2.581683153,-2.7467,0.165016847
2980,s149y153f1,aryl,aryl,y,f,s149y153f1,s149y153f1,-0.40798908,-2.7663,2.35831092,-0.408606163,-2.4158,2.007193837,5.580304225,5.5775,0.002804225,-0.236681956,-0.6447,0.408018044,-5.343005123,-5.2833,-0.059705123
3012,s155f197y1,aryl,aryl,f,y,s155f197y1,s155f197y1,-1.829685145,-1.4634,-0.366285145,-0.932575879,-0.7398,-0.192775879,1.574451026,1.722,-0.147548974,-0.217729574,-0.2596,0.041870426,-2.253830655,-2.186,-0.067830655
3013,s155f277y1,aryl,aryl,f,y,s155f277y1,s155f277y1,-0.765504883,-3.1336,2.368095117,-0.504653823,-2.4883,1.983646177,5.190718466,5.3319,-0.141181534,-0.359631859,-0.7616,0.401968141,-5.091937667,-5.2156,0.123662333
3076,s163y178y1,aryl,aryl,y,y,s163y178y1,s163y178y1,-8.593565751,-2.5543,-6.039265751,-8.797658871,-2.9804,-5.817258871,7.219720828,7.8405,-0.620779172,-0.5134141,-0.9129,0.3994859,-6.502213609,-6.5015,-0.000713609
3097,s167f170w1,aryl,aryl,f,w,s167f170w1,s167f170w1,2.728842696,-2.8351,5.563942696,3.429201658,-2.0092,5.438401658,4.200155186,4.3869,-0.186744814,-0.281582656,-0.5666,0.285017344,-4.618931555,-4.6462,0.027268445
3161,s179y250f1,aryl,aryl,y,f,s179y250f1,s179y250f1,-5.653115749,-3.2012,-2.451915749,-7.335044535,-3.5047,-3.830344535,8.57074069,7.9448,0.62594069,-1.589076608,-2.3326,0.743523392,-5.299735296,-5.3087,0.008964704
3162,s179y258w1,aryl,aryl,y,w,s179y258w1,s179y258w1,-9.104758313,-4.7421,-4.362658313,-7.787330032,-3.0637,-4.723630032,6.170709312,5.8022,0.368509312,-1.184901097,-0.9665,-0.218401097,-6.303236496,-6.5142,0.210963504
3176,s181w258w1,aryl,aryl,w,w,s181w258w1,s181w258w1,-6.633856457,-2.8696,-3.764256457,-6.31050646,-2.1245,-4.18600646,4.431866087,4.4994,-0.067533913,-0.390364362,-0.6927,0.302335638,-4.364851723,-4.5518,0.186948277
3192,s184f225w1,aryl,aryl,f,w,s184f225w1,s184f225w1,-1.939435648,-2.3342,0.394764352,-3.101783516,-2.4919,-0.609883516,6.028026919,5.6654,0.362626919,-0.491833245,-0.8665,0.374666755,-4.373845743,-4.6413,0.267454257
3195,s184f255w1,aryl,aryl,f,w,s184f255w1,s184f255w1,-0.160185251,-1.5108,1.350614749,-0.091026907,-1.2283,1.137273093,2.358495647,2.5864,-0.227904353,-0.045265717,-0.3194,0.274134283,-2.382388274,-2.5494,0.167011726
3201,s185y220f1,aryl,aryl,y,f,s185y220f1,s185y220f1,-2.558042028,-1.1969,-1.361142028,-4.811274675,-2.5017,-2.309574675,9.117757791,8.7671,0.350657791,-0.707517545,-0.9888,0.281282455,-6.157007661,-6.4734,0.316392339
3220,s191w229w1,aryl,aryl,w,w,s191w229w1,s191w229w1,-1.276972289,-0.8743,-0.402672289,-0.164196231,0.1388,-0.302996231,2.179653755,2.5109,-0.331246245,-0.191931103,-0.4527,0.260768897,-3.10049871,-3.0713,-0.02919871
3227,s194f198f1,aryl,aryl,f,f,s194f198f1,s194f198f1,-1.838666929,-3.0381,1.199433071,-1.350953912,-2.0962,0.745246088,5.95956397,5.6507,0.30886397,-0.395680165,-0.6417,0.246019835,-6.051596823,-5.9509,-0.100696823
3229,s194f217f1,aryl,aryl,f,f,s194f217f1,s194f217f1,-3.485854743,-1.4922,-1.993654743,-2.608416975,-0.5914,-2.017016975,1.565645193,1.7416,-0.175954807,-0.104133813,-0.2337,0.129566187,-2.338949148,-2.4087,0.069750852
3232,s194f241y1,aryl,aryl,f,y,s194f241y1,s194f241y1,-3.318784625,-2.7861,-0.532684625,-1.888425043,-1.2903,-0.598125043,1.696469781,1.7428,-0.046330219,-0.174656279,-0.3102,0.135543721,-2.952173083,-2.9284,-0.023773083
3246,s198f205f1,aryl,aryl,f,f,s198f205f1,s198f205f1,0.962094734,-0.901,1.863094734,1.114610743,-1.0624,2.177010743,3.148942212,3.7632,-0.614257788,-0.082697347,-0.4031,0.320402653,-3.218760811,-3.1987,-0.020060811
3247,s198f217f1,aryl,aryl,f,f,s198f217f1,s198f217f1,-0.431352222,-0.5415,0.110147778,-0.13123146,-0.5553,0.42406854,2.250531386,2.6103,-0.359768614,-0.051956247,-0.2367,0.184743753,-2.498695964,-2.3599,-0.138795964
3256,s202y241y1,aryl,aryl,y,y,s202y241y1,s202y241y1,-2.121386677,-2.0102,-0.111186677,-3.787782266,-2.847,-0.940782266,9.930497297,9.4567,0.473797297,-0.754232787,-1.0395,0.285267213,-7.509868984,-7.5804,0.070531016
3266,s209y214f1,aryl,aryl,y,f,s209y214f1,s209y214f1,3.391369307,-1.7133,5.104669307,-2.035455133,-4.4676,2.432144867,12.16264632,10.4647,1.69794632,-0.45745321,-1.1774,0.71994679,-6.278368734,-6.533,0.254631266
3269,s210y286y1,aryl,aryl,y,y,s210y286y1,s210y286y1,-1.782631242,-1.511,-0.271631242,-0.304826574,-0.6786,0.373773426,3.470150488,3.9224,-0.452249512,-0.298924434,-0.5967,0.297775566,-4.649030785,-4.1581,-0.490930785
3277,s217f234y1,aryl,aryl,f,y,s217f234y1,s217f234y1,-2.583650742,-1.982,-0.601650742,-1.722282935,-1.1669,-0.555382935,1.598838311,1.695,-0.096161689,-0.14177233,-0.2635,0.12172767,-2.318433788,-2.2466,-0.071833788
3279,s217f249w1,aryl,aryl,f,w,s217f249w1,s217f249w1,-1.207580264,-2.6474,1.439819736,-1.001360672,-1.6954,0.694039328,5.088275828,4.7673,0.320975828,-0.335083871,-0.6846,0.349516129,-4.959411612,-5.0347,0.075288388